Node_Name,Sector,Block_Name,Plot_No
PANVEL EAST,1,VIJAY MARG,2
PANVEL EAST,1,VIJAY MARG,2A
PANVEL EAST,1,VIJAY MARG,4
PANVEL EAST,1,VIJAY MARG,6
PANVEL EAST,1,VIJAY MARG,8
PANVEL EAST,1,VIJAY MARG,10
PANVEL EAST,1,VIJAY MARG,12
PANVEL EAST,1,VIJAY MARG,14
PANVEL EAST,1,VIJAY MARG,16
PANVEL EAST,1,VIJAY MARG,18
PANVEL EAST,1,VIJAY MARG,20
PANVEL EAST,1,VIJAY MARG,20A
PANVEL EAST,1,VIJAY MARG,22
PANVEL EAST,1,VIJAY MARG,22A
PANVEL EAST,1,VIJAY MARG,24
PANVEL EAST,1,VIJAY MARG,26
PANVEL EAST,1,VIJAY MARG,28
PANVEL EAST,1,VIJAY MARG,30
PANVEL EAST,1,VIJAY MARG,32
PANVEL EAST,1,VIJAY MARG,34
PANVEL EAST,1,VIJAY MARG,36
PANVEL EAST,1,VIJAY MARG,38
PANVEL EAST,1,2,2
PANVEL EAST,1,2,4
PANVEL EAST,1,2,6
PANVEL EAST,1,2,8
PANVEL EAST,1,2,10
PANVEL EAST,1,2,12
PANVEL EAST,1,2,14
PANVEL EAST,1,2,16
PANVEL EAST,1,2,18
PANVEL EAST,1,2,1
PANVEL EAST,1,2,3
PANVEL EAST,1,2,5
PANVEL EAST,1,2,7
PANVEL EAST,1,2,9
PANVEL EAST,1,2,11
PANVEL EAST,1,2,13
PANVEL EAST,1,2,15
PANVEL EAST,1,2,17
PANVEL EAST,1,2,19
PANVEL EAST,1,2,21
PANVEL EAST,1,2,23
PANVEL EAST,1,2,25
PANVEL EAST,1,4,2
PANVEL EAST,1,4,4
PANVEL EAST,1,4,6
PANVEL EAST,1,4,8
PANVEL EAST,1,4,10
PANVEL EAST,1,4,12
PANVEL EAST,1,4,14
PANVEL EAST,1,4,16
PANVEL EAST,1,4,18
PANVEL EAST,1,4,20
PANVEL EAST,1,4,22
PANVEL EAST,1,4,24
PANVEL EAST,1,4,26
PANVEL EAST,1,4,26A
PANVEL EAST,1,4,1
PANVEL EAST,1,4,3
PANVEL EAST,1,4,5
PANVEL EAST,1,4,7
PANVEL EAST,1,4,9
PANVEL EAST,1,4,11
PANVEL EAST,1,4,13
PANVEL EAST,1,4,15
PANVEL EAST,1,6,2
PANVEL EAST,1,6,4
PANVEL EAST,1,6,6
PANVEL EAST,1,6,8
PANVEL EAST,1,6,10&12
PANVEL EAST,1,6,1
PANVEL EAST,1,6,3
PANVEL EAST,1,6,5
PANVEL EAST,1,6,7
PANVEL EAST,1,6,9
PANVEL EAST,1,6,11
PANVEL EAST,1,6,13
PANVEL EAST,1,6,13A
PANVEL EAST,1,6,17
PANVEL EAST,1,8,2
PANVEL EAST,1,8,4
PANVEL EAST,1,8,6
PANVEL EAST,1,8,8
PANVEL EAST,1,8,10
PANVEL EAST,1,8,12
PANVEL EAST,1,8,14
PANVEL EAST,1,8,16
PANVEL EAST,1,8,1
PANVEL EAST,1,8,3
PANVEL EAST,1,8,5
PANVEL EAST,1,8,7
PANVEL EAST,1,8,9
PANVEL EAST,1,8,11
PANVEL EAST,1,8,13
PANVEL EAST,1,8,15
PANVEL EAST,1,8,17
PANVEL EAST,1,10,2
PANVEL EAST,1,10,4
PANVEL EAST,1,10,6
PANVEL EAST,1,10,8
PANVEL EAST,1,10,10
PANVEL EAST,1,10,12
PANVEL EAST,1,10,14
PANVEL EAST,1,10,16
PANVEL EAST,1,10,18
PANVEL EAST,1,10,1
PANVEL EAST,1,10,3
PANVEL EAST,1,10,5
PANVEL EAST,1,10,7
PANVEL EAST,1,10,9
PANVEL EAST,1,10,11
PANVEL EAST,1,10,13
PANVEL EAST,1,10,15
PANVEL EAST,1,10,17
PANVEL EAST,1,10,19
PANVEL EAST,1,10,21
PANVEL EAST,1,12,2 & 4
PANVEL EAST,1,12,6
PANVEL EAST,1,12,8
PANVEL EAST,1,12,10
PANVEL EAST,1,12,12
PANVEL EAST,1,12,14
PANVEL EAST,1,12,16
PANVEL EAST,1,12,18
PANVEL EAST,1,12,20
PANVEL EAST,1,12,22
PANVEL EAST,1,12,22A
PANVEL EAST,1,12,1
PANVEL EAST,1,12,3
PANVEL EAST,1,12,5
PANVEL EAST,1,12,7
PANVEL EAST,1,12,9
PANVEL EAST,1,12,11
PANVEL EAST,1,12,13
PANVEL EAST,1,12,15
PANVEL EAST,1,12,17
PANVEL EAST,1,12,19
PANVEL EAST,1,12,21
PANVEL EAST,1,14,2
PANVEL EAST,1,14,4
PANVEL EAST,1,14,6
PANVEL EAST,1,14,8
PANVEL EAST,1,14,10
PANVEL EAST,1,14,12
PANVEL EAST,1,14,14
PANVEL EAST,1,14,16
PANVEL EAST,1,14,18
PANVEL EAST,1,14,20
PANVEL EAST,1,14,22
PANVEL EAST,1,14,1
PANVEL EAST,1,14,3
PANVEL EAST,1,14,5
PANVEL EAST,1,14,7
PANVEL EAST,1,14,9
PANVEL EAST,1,14,11
PANVEL EAST,1,14,13
PANVEL EAST,1,14,15
PANVEL EAST,1,14,17
PANVEL EAST,1,14,19
PANVEL EAST,1,14,21
PANVEL EAST,1,14,23
PANVEL EAST,1,14,25
PANVEL EAST,1,14,27
PANVEL EAST,1,16,2
PANVEL EAST,1,16,4
PANVEL EAST,1,16,6
PANVEL EAST,1,16,8
PANVEL EAST,1,16,10
PANVEL EAST,1,16,12
PANVEL EAST,1,16,14
PANVEL EAST,1,16,16
PANVEL EAST,1,16,18
PANVEL EAST,1,16,20
PANVEL EAST,1,16,22
PANVEL EAST,1,16,24
PANVEL EAST,1,16,26
PANVEL EAST,1,16,28
PANVEL EAST,1,16,1
PANVEL EAST,1,16,3
PANVEL EAST,1,16,5
PANVEL EAST,1,16,7
PANVEL EAST,1,16,9
PANVEL EAST,1,16,11
PANVEL EAST,1,18,1
PANVEL EAST,1,18,3
PANVEL EAST,1,18,5
PANVEL EAST,1,18,7
PANVEL EAST,1,18,9
PANVEL EAST,1,18,2
PANVEL EAST,1,18,4
PANVEL EAST,1,18,6
PANVEL EAST,1,18,8
PANVEL EAST,1,18,10
PANVEL EAST,1,18,12
PANVEL EAST,1,18,14
PANVEL EAST,1,18,16
PANVEL EAST,1,18,18
PANVEL EAST,1,18,20
PANVEL EAST,1,18,22
PANVEL EAST,1,18,24
PANVEL EAST,1,18,26
PANVEL EAST,1,9,1
PANVEL EAST,1,9,3
PANVEL EAST,1,9,5
PANVEL EAST,1,9,7
PANVEL EAST,1,9,9
PANVEL EAST,1,9,11
PANVEL EAST,1,9,2
PANVEL EAST,1,9,4
PANVEL EAST,1,9,6
PANVEL EAST,1,9,8
PANVEL EAST,1,9,10
PANVEL EAST,1,9,12
PANVEL EAST,1,7,1
PANVEL EAST,1,7,3
PANVEL EAST,1,7,5
PANVEL EAST,1,7,7
PANVEL EAST,1,7,9
PANVEL EAST,1,7,11
PANVEL EAST,1,7,2
PANVEL EAST,1,7,4
PANVEL EAST,1,7,6
PANVEL EAST,1,7,8
PANVEL EAST,1,7,10
PANVEL EAST,1,7,12
PANVEL EAST,1,5,1
PANVEL EAST,1,5,3
PANVEL EAST,1,5,5
PANVEL EAST,1,5,7
PANVEL EAST,1,5,9
PANVEL EAST,1,5,11
PANVEL EAST,1,5,13
PANVEL EAST,1,5,13A
PANVEL EAST,1,5,2
PANVEL EAST,1,5,4
PANVEL EAST,1,5,6
PANVEL EAST,1,5,8
PANVEL EAST,1,5,10
PANVEL EAST,1,5,12
PANVEL EAST,1,5,14
PANVEL EAST,1,5,16
PANVEL EAST,1,5,18
PANVEL EAST,1,3,1
PANVEL EAST,1,3,3
PANVEL EAST,1,3,5
PANVEL EAST,1,3,7
PANVEL EAST,1,3,9
PANVEL EAST,1,3,11
PANVEL EAST,1,3,2
PANVEL EAST,1,3,4
PANVEL EAST,1,3,6
PANVEL EAST,1,3,8
PANVEL EAST,1,3,10
PANVEL EAST,1,3,12
PANVEL EAST,1,1,1
PANVEL EAST,1,1,3
PANVEL EAST,1,1,5
PANVEL EAST,1,1,7
PANVEL EAST,1,1,9
PANVEL EAST,1,1,11
PANVEL EAST,1,1,13
PANVEL EAST,1,1,15
PANVEL EAST,1,1,17
PANVEL EAST,1,1,19
PANVEL EAST,1,1,19A
PANVEL EAST,1,1,2
PANVEL EAST,1,1,4
PANVEL EAST,1,1,6
PANVEL EAST,1,1,8
PANVEL EAST,1,1,8A
PANVEL EAST,1,MATHERAN ROAD,1
PANVEL EAST,1,MATHERAN ROAD,3
PANVEL EAST,1,MATHERAN ROAD,5
PANVEL EAST,1,MATHERAN ROAD,7
PANVEL EAST,1,MATHERAN ROAD,9
PANVEL EAST,1,MATHERAN ROAD,11
PANVEL EAST,1,MATHERAN ROAD,13
PANVEL EAST,1,MATHERAN ROAD,15
PANVEL EAST,1,MATHERAN ROAD,17
PANVEL EAST,1,MATHERAN ROAD,19
PANVEL EAST,1S,NA,1
PANVEL EAST,1S,NA,2
PANVEL EAST,1S,NA,3
PANVEL EAST,1S,NA,4
PANVEL EAST,1S,NA,5
PANVEL EAST,1S,NA,6
PANVEL EAST,1S,NA,7
PANVEL EAST,1S,NA,8
PANVEL EAST,1S,NA,9
PANVEL EAST,1S,NA,10
PANVEL EAST,1S,NA,11
PANVEL EAST,1S,NA,11A
PANVEL EAST,1S,NA,12
PANVEL EAST,1S,NA,13
PANVEL EAST,1S,NA,14
PANVEL EAST,1S,NA,15
PANVEL EAST,1S,NA,16
PANVEL EAST,1S,NA,17
PANVEL EAST,1S,NA,18
PANVEL EAST,1S,NA,19
PANVEL EAST,1S,NA,20
PANVEL EAST,1S,NA,21
PANVEL EAST,1S,NA,22
PANVEL EAST,1S,NA,22A
PANVEL EAST,1S,NA,23
PANVEL EAST,1S,NA,24
PANVEL EAST,1S,NA,25
PANVEL EAST,1S,NA,26
PANVEL EAST,1S,NA,27
PANVEL EAST,1S,NA,28
PANVEL EAST,1S,NA,29
PANVEL EAST,1S,NA,30
PANVEL EAST,1S,NA,31
PANVEL EAST,1S,NA,32
PANVEL EAST,1S,NA,33
PANVEL EAST,1S,NA,34
PANVEL EAST,1S,NA,35
PANVEL EAST,1S,NA,36
PANVEL EAST,1S,NA,37
PANVEL EAST,1S,NA,38
PANVEL EAST,1S,NA,39
PANVEL EAST,1S,NA,40
PANVEL EAST,1S,NA,41
PANVEL EAST,1S,NA,42
PANVEL EAST,1S,NA,43
PANVEL EAST,1S,NA,44
PANVEL EAST,1S,NA,45
PANVEL EAST,1S,NA,46
PANVEL EAST,1S,NA,47
PANVEL EAST,1S,NA,48
PANVEL EAST,1S,NA,49
PANVEL EAST,1S,NA,50
PANVEL EAST,1S,NA,51
PANVEL EAST,1S,NA,52
PANVEL EAST,1S,NA,53
PANVEL EAST,1S,NA,54
PANVEL EAST,1S,NA,55
PANVEL EAST,1S,NA,56
PANVEL EAST,1S,NA,57
PANVEL EAST,1S,NA,58
PANVEL EAST,1S,NA,59
PANVEL EAST,1S,NA,60
PANVEL EAST,1S,NA,61
PANVEL EAST,1S,NA,62
PANVEL EAST,1S,NA,63
PANVEL EAST,1S,NA,64
PANVEL EAST,1S,NA,65
PANVEL EAST,1S,NA,66
PANVEL EAST,1S,NA,67
PANVEL EAST,1S,NA,68
PANVEL EAST,1S,NA,69
PANVEL EAST,1S,NA,70
PANVEL EAST,1S,NA,71
PANVEL EAST,1S,NA,72
PANVEL EAST,1S,NA,73
PANVEL EAST,1S,NA,74
PANVEL EAST,1S,NA,75
PANVEL EAST,1S,NA,76
PANVEL EAST,1S,NA,77
PANVEL EAST,1S,NA,78
PANVEL EAST,1S,NA,79
PANVEL EAST,1S,NA,80
PANVEL EAST,1S,NA,81
PANVEL EAST,1S,NA,82
PANVEL EAST,1S,NA,83
PANVEL EAST,1S,NA,84
PANVEL EAST,1S,NA,85
PANVEL EAST,1S,NA,86
PANVEL EAST,1S,NA,87
PANVEL EAST,1S,NA,88
PANVEL EAST,1S,NA,89
PANVEL EAST,1S,NA,90
PANVEL EAST,1S,NA,91
PANVEL EAST,1S,NA,91A
PANVEL EAST,1S,NA,91B
PANVEL EAST,1S,NA,91C
PANVEL EAST,1S,NA,92 + 93
PANVEL EAST,1S,NA,94
PANVEL EAST,1S,NA,95
PANVEL EAST,1S,NA,96
PANVEL EAST,1S,NA,97
PANVEL EAST,1S,NA,98
PANVEL EAST,1S,NA,98A
PANVEL EAST,1S,NA,98B
PANVEL EAST,1S,NA,99
PANVEL EAST,1S,NA,100
PANVEL EAST,1S,NA,101
PANVEL EAST,1S,NA,102
PANVEL EAST,1S,NA,103
PANVEL EAST,1S,NA,104
PANVEL EAST,1S,NA,105
PANVEL EAST,1S,NA,106
PANVEL EAST,1S,NA,107
PANVEL EAST,1S,NA,108
PANVEL EAST,1S,NA,109
PANVEL EAST,1S,NA,110
PANVEL EAST,1S,NA,111
PANVEL EAST,1S,NA,112
PANVEL EAST,1S,NA,113+114
PANVEL EAST,1S,NA,115
PANVEL EAST,1S,NA,116
PANVEL EAST,1S,NA,117
PANVEL EAST,1S,NA,118
PANVEL EAST,1S,NA,119+120+121
PANVEL EAST,1S,NA,122
PANVEL EAST,1S,NA,123
PANVEL EAST,1S,NA,124
PANVEL EAST,1S,NA,125+126+127
PANVEL EAST,1S,NA,128
PANVEL EAST,1S,NA,129
PANVEL EAST,1S,NA,130
PANVEL EAST,1S,NA,131
PANVEL EAST,1S,NA,132
PANVEL EAST,1S,NA,133
PANVEL EAST,1S,NA,134
PANVEL EAST,1S,NA,135
PANVEL EAST,1S,NA,135A
PANVEL EAST,1S,NA,136A
PANVEL EAST,1S,NA,136B
PANVEL EAST,1S,NA,136C
PANVEL EAST,1S,NA,137
PANVEL EAST,1S,NA,138
PANVEL EAST,1S,NA,139
PANVEL EAST,1S,NA,140
PANVEL EAST,1S,NA,140(A)
PANVEL EAST,1S,NA,140(B)
PANVEL EAST,1S,NA,140( C )
PANVEL EAST,1S,NA,141
PANVEL EAST,1S,NA,142
PANVEL EAST,2,NA,1
PANVEL EAST,2,NA,1A
PANVEL EAST,2,NA,2
PANVEL EAST,2,NA,3
PANVEL EAST,2,NA,4
PANVEL EAST,2,NA,5
PANVEL EAST,2,NA,6
PANVEL EAST,2,NA,7
PANVEL EAST,2,NA,8
PANVEL EAST,2,NA,9
PANVEL EAST,2,NA,10
PANVEL EAST,2,NA,11
PANVEL EAST,2,NA,12
PANVEL EAST,2,NA,13
PANVEL EAST,2,NA,14
PANVEL EAST,2,NA,15
PANVEL EAST,2,NA,16
PANVEL EAST,2,NA,17
PANVEL EAST,2,NA,18
PANVEL EAST,2,NA,19
PANVEL EAST,2,NA,20
PANVEL EAST,2,NA,21
PANVEL EAST,2,NA,22
PANVEL EAST,2,NA,23
PANVEL EAST,2,NA,24
PANVEL EAST,2,NA,25
PANVEL EAST,2,NA,27
PANVEL EAST,2,NA,28
PANVEL EAST,2,NA,29
PANVEL EAST,2,NA,30
PANVEL EAST,2,NA,31
PANVEL EAST,2,NA,32
PANVEL EAST,2,NA,33
PANVEL EAST,2,NA,34
PANVEL EAST,2,NA,35
PANVEL EAST,2,NA,35A/1
PANVEL EAST,2,NA,35A/2
PANVEL EAST,2,NA,35A/3
PANVEL EAST,2,NA,35A/4
PANVEL EAST,2,NA,35A/5
PANVEL EAST,2,NA,36
PANVEL EAST,2,NA,36A
PANVEL EAST,3,NA,1
PANVEL EAST,3,NA,2
PANVEL EAST,3,NA,3
PANVEL EAST,3,NA,4
PANVEL EAST,3,NA,5
PANVEL EAST,3,NA,6
PANVEL EAST,3,NA,7
PANVEL EAST,3,NA,8
PANVEL EAST,3,NA,9
PANVEL EAST,3,NA,9A
PANVEL EAST,3,NA,10
PANVEL EAST,3,NA,11
PANVEL EAST,3,NA,12
PANVEL EAST,3,NA,13
PANVEL EAST,3,NA,14
PANVEL EAST,3,NA,15
PANVEL EAST,3,NA,16
PANVEL EAST,3,NA,17
PANVEL EAST,3,NA,18
PANVEL EAST,3,NA,19
PANVEL EAST,3,NA,20
PANVEL EAST,3,NA,21
PANVEL EAST,3,NA,22
PANVEL EAST,3,NA,23
PANVEL EAST,3,NA,24
PANVEL EAST,3,NA,25
PANVEL EAST,3,NA,26
PANVEL EAST,3,NA,27
PANVEL EAST,3,NA,27A
PANVEL EAST,3,NA,28
PANVEL EAST,3,NA,29
PANVEL EAST,3,NA,30
PANVEL EAST,3,NA,31
PANVEL EAST,3,NA,32
PANVEL EAST,3,NA,33
PANVEL EAST,3,NA,34
PANVEL EAST,3,NA,35
PANVEL EAST,3,NA,36
PANVEL EAST,3,NA,37
PANVEL EAST,3,NA,38
PANVEL EAST,3,NA,39
PANVEL EAST,3,NA,40
PANVEL EAST,3,NA,41
PANVEL EAST,3,NA,45
PANVEL EAST,3,NA,46
PANVEL EAST,3,NA,47
PANVEL EAST,3,NA,48
PANVEL EAST,3,NA,49
PANVEL EAST,3,NA,50
PANVEL EAST,3,NA,51
PANVEL EAST,3,NA,52
PANVEL EAST,3,NA,53
PANVEL EAST,3,NA,53A
PANVEL EAST,3,NA,54
PANVEL EAST,3,NA,54A
PANVEL EAST,3,NA,55
PANVEL EAST,3,NA,56
PANVEL EAST,3,NA,56A
PANVEL EAST,3,NA,57
PANVEL EAST,4,NA,1A
PANVEL EAST,4,NA,1
PANVEL EAST,4,NA,2
PANVEL EAST,4,NA,3
PANVEL EAST,4,NA,4
PANVEL EAST,4,NA,5
PANVEL EAST,4,NA,6
PANVEL EAST,4,NA,7
PANVEL EAST,4,NA,8
PANVEL EAST,4,NA,9
PANVEL EAST,4,NA,10
PANVEL EAST,4,NA,11
PANVEL EAST,4,NA,12
PANVEL EAST,4,NA,13
PANVEL EAST,4,NA,14
PANVEL EAST,4,NA,15
PANVEL EAST,4,NA,16
PANVEL EAST,4,NA,17
PANVEL EAST,4,NA,18
PANVEL EAST,4,NA,19
PANVEL EAST,4,NA,20
PANVEL EAST,4,NA,21
PANVEL EAST,4,NA,22
PANVEL EAST,4,NA,23
PANVEL EAST,4,NA,24
PANVEL EAST,4,NA,25
PANVEL EAST,4,NA,26
PANVEL EAST,4,NA,27
PANVEL EAST,4,NA,28
PANVEL EAST,4,NA,29
PANVEL EAST,4,NA,30
PANVEL EAST,4,NA,31
PANVEL EAST,4,NA,32
PANVEL EAST,4,NA,33
PANVEL EAST,4,NA,34
PANVEL EAST,4,NA,35
PANVEL EAST,4,NA,36
PANVEL EAST,4,NA,37
PANVEL EAST,4,NA,38
PANVEL EAST,4,NA,39
PANVEL EAST,4,NA,40
PANVEL EAST,4,NA,41
PANVEL EAST,4,NA,42
PANVEL EAST,4,NA,43
PANVEL EAST,4,NA,44
PANVEL EAST,4,NA,45
PANVEL EAST,4,NA,46
PANVEL EAST,4,NA,47
PANVEL EAST,4,NA,46A
PANVEL EAST,4,NA,48
PANVEL EAST,4,NA,49
PANVEL EAST,4,NA,50
PANVEL EAST,4,NA,51
PANVEL EAST,4,NA,52
PANVEL EAST,4,NA,53
PANVEL EAST,4,NA,54
PANVEL EAST,4,NA,55
PANVEL EAST,4,NA,56
PANVEL EAST,4,NA,57
PANVEL EAST,4,NA,58
PANVEL EAST,4,NA,59
PANVEL EAST,4,NA,60
PANVEL EAST,4,NA,61
PANVEL EAST,4,NA,62
PANVEL EAST,4,NA,63
PANVEL EAST,4,NA,64
PANVEL EAST,4,NA,65
PANVEL EAST,4,NA,66
PANVEL EAST,4,NA,67
PANVEL EAST,4,NA,68
PANVEL EAST,4,NA,69
PANVEL EAST,4,NA,70
PANVEL EAST,4,NA,71
PANVEL EAST,4,NA,72
PANVEL EAST,4,NA,73
PANVEL EAST,4,NA,74
PANVEL EAST,4,NA,75
PANVEL EAST,4,NA,76
PANVEL EAST,4,NA,77
PANVEL EAST,4,NA,78
PANVEL EAST,4,NA,79
PANVEL EAST,4,NA,80
PANVEL EAST,4,NA,81
PANVEL EAST,4,NA,82
PANVEL EAST,4,NA,83
PANVEL EAST,4,NA,84
PANVEL EAST,4,NA,85
PANVEL EAST,4,NA,86
PANVEL EAST,4,NA,87
PANVEL EAST,4,NA,88
PANVEL EAST,4,NA,89
PANVEL EAST,4,NA,90
PANVEL EAST,4,NA,91
PANVEL EAST,4,NA,92
PANVEL EAST,4,NA,93
PANVEL EAST,4,NA,94
PANVEL EAST,4,NA,95
PANVEL EAST,4,NA,96
PANVEL EAST,4,NA,97
PANVEL EAST,4,NA,98
PANVEL EAST,4,NA,99
PANVEL EAST,4,NA,100
PANVEL EAST,4,NA,101
PANVEL EAST,4,NA,102
PANVEL EAST,4,NA,103
PANVEL EAST,4,NA,104
PANVEL EAST,4,NA,105
PANVEL EAST,4,NA,106
PANVEL EAST,4,NA,107
PANVEL EAST,4,NA,108
PANVEL EAST,4,NA,109
PANVEL EAST,4,NA,110
PANVEL EAST,4,NA,111
PANVEL EAST,4,NA,112
PANVEL EAST,4,NA,113
PANVEL EAST,4,NA,114
PANVEL EAST,4,NA,115
PANVEL EAST,4,NA,116
PANVEL EAST,4,NA,117
PANVEL EAST,4,NA,118
PANVEL EAST,4,NA,119
PANVEL EAST,4,NA,120
PANVEL EAST,4,NA,121
PANVEL EAST,4,NA,122
PANVEL EAST,4,NA,123
PANVEL EAST,4,NA,124
PANVEL EAST,4,NA,125
PANVEL EAST,4,NA,126
PANVEL EAST,4,NA,127
PANVEL EAST,4,NA,128
PANVEL EAST,4,NA,129
PANVEL EAST,4,NA,130
PANVEL EAST,4,NA,131
PANVEL EAST,4,NA,132
PANVEL EAST,4,NA,133
PANVEL EAST,4,NA,134
PANVEL EAST,4,NA,135
PANVEL EAST,4,NA,136
PANVEL EAST,4,NA,137
PANVEL EAST,4,NA,138
PANVEL EAST,4,NA,139
PANVEL EAST,4,NA,140
PANVEL EAST,4,NA,141
PANVEL EAST,4,NA,142
PANVEL EAST,4,NA,143
PANVEL EAST,4,NA,144
PANVEL EAST,4,NA,145
PANVEL EAST,4,NA,146
PANVEL EAST,4,NA,147
PANVEL EAST,4,NA,148
PANVEL EAST,4,NA,149
PANVEL EAST,4,NA,150
PANVEL EAST,4,NA,151
PANVEL EAST,4,NA,152
PANVEL EAST,4,NA,153
PANVEL EAST,4,NA,154
PANVEL EAST,4,NA,155
PANVEL EAST,4,NA,156
PANVEL EAST,4,NA,157
PANVEL EAST,4,NA,158
PANVEL EAST,4,NA,159
PANVEL EAST,4,NA,160
PANVEL EAST,4,NA,161
PANVEL EAST,4,NA,162
PANVEL EAST,4,NA,163
PANVEL EAST,4,NA,164
PANVEL EAST,4,NA,165
PANVEL EAST,4,NA,166
PANVEL EAST,4,NA,167
PANVEL EAST,4,NA,168
PANVEL EAST,4,NA,169
PANVEL EAST,4,NA,170
PANVEL EAST,4,NA,171
PANVEL EAST,4,NA,172
PANVEL EAST,4,NA,173
PANVEL EAST,4,NA,174
PANVEL EAST,4,NA,175
PANVEL EAST,4,NA,176
PANVEL EAST,4,NA,177
PANVEL EAST,4,NA,178
PANVEL EAST,4,NA,179
PANVEL EAST,4,NA,180
PANVEL EAST,4,NA,181
PANVEL EAST,4,NA,182
PANVEL EAST,4,NA,183
PANVEL EAST,4,NA,184
PANVEL EAST,4,NA,185
PANVEL EAST,4,NA,186
PANVEL EAST,4,NA,187
PANVEL EAST,4,NA,188
PANVEL EAST,4,NA,189
PANVEL EAST,4,NA,190
PANVEL EAST,4,NA,191
PANVEL EAST,4,NA,192
PANVEL EAST,4,NA,193
PANVEL EAST,4,NA,194
PANVEL EAST,4,NA,195
PANVEL EAST,4,NA,196
PANVEL EAST,4,NA,197
PANVEL EAST,4,NA,198
PANVEL EAST,4,NA,199
PANVEL EAST,4,NA,200
PANVEL EAST,4,NA,201
PANVEL EAST,4,NA,202
PANVEL EAST,4,NA,203
PANVEL EAST,4,NA,204
PANVEL EAST,4,NA,205
PANVEL EAST,4,NA,206+207
PANVEL EAST,4,NA,208+209+212+213
PANVEL EAST,4,NA,210
PANVEL EAST,4,NA,211
PANVEL EAST,4,NA,214
PANVEL EAST,4,NA,215
PANVEL EAST,4,NA,216
PANVEL EAST,4,NA,217
PANVEL EAST,4,NA,218
PANVEL EAST,4,NA,219
PANVEL EAST,4,NA,220
PANVEL EAST,4,NA,221
PANVEL EAST,4,NA,222
PANVEL EAST,4,NA,223
PANVEL EAST,4,NA,224
PANVEL EAST,4,NA,225
PANVEL EAST,4,NA,226
PANVEL EAST,4,NA,227
PANVEL EAST,4,NA,228
PANVEL EAST,4,NA,229
PANVEL EAST,4,NA,229/1
PANVEL EAST,4,NA,229/2
PANVEL EAST,4,NA,229A
PANVEL EAST,4,NA,229B
PANVEL EAST,4,NA,230
PANVEL EAST,5,NA,1
PANVEL EAST,5,NA,1A
PANVEL EAST,5,NA,2
PANVEL EAST,5,NA,3
PANVEL EAST,5,NA,4
PANVEL EAST,5,NA,5
PANVEL EAST,5,NA,6&7
PANVEL EAST,5,NA,8
PANVEL EAST,5,NA,9
PANVEL EAST,5,NA,10
PANVEL EAST,5,NA,11
PANVEL EAST,5,NA,12
PANVEL EAST,5,NA,13
PANVEL EAST,5,NA,14
PANVEL EAST,5,NA,15&16
PANVEL EAST,5,NA,"18,19&23"
PANVEL EAST,5,NA,20
PANVEL EAST,5,NA,21
PANVEL EAST,5,NA,22
PANVEL EAST,5,NA,24
PANVEL EAST,5,NA,24A
PANVEL EAST,5,NA,24B
PANVEL EAST,5,NA,25
PANVEL EAST,5,NA,25A
PANVEL EAST,5,NA,26
PANVEL EAST,5,NA,27
PANVEL EAST,5,NA,28
PANVEL EAST,5,NA,29
PANVEL EAST,5,NA,30
PANVEL EAST,5,NA,31
PANVEL EAST,5,NA,32
PANVEL EAST,5,NA,33
PANVEL EAST,5,NA,34
PANVEL EAST,5,NA,35
PANVEL EAST,5,NA,36
PANVEL EAST,5,NA,37
PANVEL EAST,5,NA,37A
PANVEL EAST,5,NA,37B
PANVEL EAST,5,NA,38
PANVEL EAST,5,NA,39
PANVEL EAST,5,NA,40
PANVEL EAST,5,NA,41
PANVEL EAST,5,NA,42+45
PANVEL EAST,5,NA,43
PANVEL EAST,5,NA,44
PANVEL EAST,5,NA,46
PANVEL EAST,5,NA,47+48+49+51
PANVEL EAST,5,NA,50
PANVEL EAST,5,NA,52
PANVEL EAST,5,NA,53
PANVEL EAST,5,NA,54
PANVEL EAST,5,NA,55
PANVEL EAST,5,NA,56
PANVEL EAST,5,NA,57
PANVEL EAST,5A,NA,1
PANVEL EAST,5A,NA,1A
PANVEL EAST,5A,NA,1B
PANVEL EAST,5A,NA,2
PANVEL EAST,5A,NA,3
PANVEL EAST,5A,NA,4
PANVEL EAST,5A,NA,4A
PANVEL EAST,5A,NA,5
PANVEL EAST,5A,NA,6
PANVEL EAST,5A,NA,7
PANVEL EAST,5A,NA,8
PANVEL EAST,5A,NA,9
PANVEL EAST,5A,NA,10&11
PANVEL EAST,5A,NA,12
PANVEL EAST,5A,NA,13
PANVEL EAST,5A,NA,13A
PANVEL EAST,5A,NA,14
PANVEL EAST,5A,NA,14A
PANVEL EAST,5A,NA,15
PANVEL EAST,5A,NA,16
PANVEL EAST,5A,NA,17
PANVEL EAST,5A,NA,18
PANVEL EAST,5A,NA,19
PANVEL EAST,5A,NA,19A
PANVEL EAST,5A,NA,19A/1
PANVEL EAST,5A,NA,19A/2
PANVEL EAST,5A,NA,19B
PANVEL EAST,5A,NA,20
PANVEL EAST,5A,NA,21
PANVEL EAST,5A,NA,22
PANVEL EAST,5A,NA,23
PANVEL EAST,5A,NA,24
PANVEL EAST,5A,NA,25
PANVEL EAST,5A,NA,26
PANVEL EAST,5A,NA,27
PANVEL EAST,5A,NA,28
PANVEL EAST,5A,NA,29
PANVEL EAST,5A,NA,30
PANVEL EAST,5A,NA,31
PANVEL EAST,5A,NA,32
PANVEL EAST,5A,NA,33
PANVEL EAST,5A,NA,34
PANVEL EAST,5A,NA,35
PANVEL EAST,5A,NA,36
PANVEL EAST,5A,NA,37
PANVEL EAST,5A,NA,38
PANVEL EAST,5A,NA,39
PANVEL EAST,5A,NA,40
PANVEL EAST,5A,NA,41
PANVEL EAST,5A,NA,42
PANVEL EAST,5A,NA,43
PANVEL EAST,5A,NA,44
PANVEL EAST,5A,NA,45
PANVEL EAST,5A,NA,46
PANVEL EAST,5A,NA,47
PANVEL EAST,6,NA,1
PANVEL EAST,6,NA,1A
PANVEL EAST,6,NA,2
PANVEL EAST,6,NA,3
PANVEL EAST,6,NA,4
PANVEL EAST,6,NA,4A
PANVEL EAST,6,NA,4B 
PANVEL EAST,6,NA,5
PANVEL EAST,6,NA,5A
PANVEL EAST,6,NA,5B
PANVEL EAST,6,NA,6
PANVEL EAST,6,NA,7
PANVEL EAST,6,NA,8
PANVEL EAST,6,NA,9
PANVEL EAST,6,NA,10
PANVEL EAST,6,NA,11
PANVEL EAST,6,NA,12
PANVEL EAST,6,NA,13
PANVEL EAST,6,NA,14
PANVEL EAST,6,NA,15
PANVEL EAST,6,NA,16
PANVEL EAST,6,NA,17
PANVEL EAST,6,NA,18
PANVEL EAST,6,NA,18A
PANVEL EAST,6,NA,19
PANVEL EAST,6,NA,20
PANVEL EAST,6,NA,21
PANVEL EAST,6,NA,22
PANVEL EAST,6,NA,22A
PANVEL EAST,6,NA,22B
PANVEL EAST,6,NA,22C
PANVEL EAST,6,NA,23A
PANVEL EAST,6,NA,23
PANVEL EAST,6,NA,24
PANVEL EAST,6,NA,25
PANVEL EAST,6,NA,26
PANVEL EAST,6,NA,26A
PANVEL EAST,6,NA,27
PANVEL EAST,6,NA,27A
PANVEL EAST,6,NA,27C
PANVEL EAST,6,NA,28
PANVEL EAST,6,NA,29
PANVEL EAST,6,NA,30
PANVEL EAST,6,NA,31
PANVEL EAST,6,NA,32
PANVEL EAST,6,NA,33
PANVEL EAST,6,NA,34
PANVEL EAST,6,NA,35
PANVEL EAST,6,NA,36
PANVEL EAST,6,NA,36A
PANVEL EAST,6,NA,37
PANVEL EAST,6,NA,38
PANVEL EAST,6,NA,39
PANVEL EAST,6,NA,40
PANVEL EAST,6,NA,41
PANVEL EAST,6,NA,42
PANVEL EAST,6,NA,43
PANVEL EAST,6,NA,44
PANVEL EAST,6,NA,44A
PANVEL EAST,6,NA,45
PANVEL EAST,6,NA,46
PANVEL EAST,6,NA,46A
PANVEL EAST,6,NA,46B
PANVEL EAST,6,NA,B/1
PANVEL EAST,6,NA,B/2
PANVEL EAST,6,NA,B/3
PANVEL EAST,6,NA,B/4
PANVEL EAST,6,NA,B/5
PANVEL EAST,6,NA,B/6
PANVEL EAST,6,NA,B/7
PANVEL EAST,6,NA,B/8
PANVEL EAST,6,NA,B/8A
PANVEL EAST,6,NA,B/8B
PANVEL EAST,6,NA,B/9A
PANVEL EAST,6,NA,B/9B
PANVEL EAST,6,NA,B/9
PANVEL EAST,6,NA,B/10
PANVEL EAST,6,NA,B/11
PANVEL EAST,6,NA,B/12
PANVEL EAST,6,NA,B/13
PANVEL EAST,6,NA,B/14
PANVEL EAST,6,NA,B/15
PANVEL EAST,6,NA,B/16
PANVEL EAST,6,NA,B/17
PANVEL EAST,6,NA,B/18
PANVEL EAST,6,NA,B/19
PANVEL EAST,6,NA,B/20
PANVEL EAST,6,NA,B/21
PANVEL EAST,6,NA,B/22
PANVEL EAST,6,NA,B/23
PANVEL EAST,6,NA,B/24
PANVEL EAST,6,NA,B/25
PANVEL EAST,6,NA,B/25A
PANVEL EAST,6,NA,B/25B
PANVEL EAST,6,NA,B/25C
PANVEL EAST,6,NA,B/26
PANVEL EAST,6,NA,B/27
PANVEL EAST,6,NA,B/28
PANVEL EAST,6,NA,B/29
PANVEL EAST,6,NA,B/30
PANVEL EAST,6,NA,B/31
PANVEL EAST,6,NA,B/32
PANVEL EAST,6,NA,B/33
PANVEL EAST,6,NA,B/33A
PANVEL EAST,6,NA,B/33B
PANVEL EAST,6,NA,B/33C
PANVEL EAST,6,NA,B/34A
PANVEL EAST,6,NA,B/34B
PANVEL EAST,6,NA,B/34C
PANVEL EAST,6,NA,B/34
PANVEL EAST,6,NA,B/35
PANVEL EAST,6,NA,B/36
PANVEL EAST,6,NA,B/37
PANVEL EAST,6,NA,B/38
PANVEL EAST,6,NA,B/39
PANVEL EAST,6,NA,B/40
PANVEL EAST,6,NA,B/41
PANVEL EAST,6,NA,B/42A
PANVEL EAST,6,NA,B/42B
PANVEL EAST,6,NA,B/42C
PANVEL EAST,6,NA,B/42
PANVEL EAST,6,NA,B/43
PANVEL EAST,6,NA,B/44
PANVEL EAST,6,NA,B/45
PANVEL EAST,6,NA,B/46
PANVEL EAST,6,NA,B/47
PANVEL EAST,6,NA,B/48
PANVEL EAST,6,NA,B/49
PANVEL EAST,6,NA,50
PANVEL EAST,6,NA,51
PANVEL EAST,6,NA,52
PANVEL EAST,6,NA,53
PANVEL EAST,6,NA,54
PANVEL EAST,6,NA,55
PANVEL EAST,6,NA,B/56
PANVEL EAST,6,NA,B/57
PANVEL EAST,6,NA,B/57A
PANVEL EAST,6,NA,B/57B
PANVEL EAST,6,NA,B/58A
PANVEL EAST,6,NA,B/58B
PANVEL EAST,6,NA,B/58
PANVEL EAST,6,NA,B/59
PANVEL EAST,6,NA,B/60
PANVEL EAST,6,NA,B/61
PANVEL EAST,6,NA,B/62
PANVEL EAST,6,NA,B/63
PANVEL EAST,6,NA,B/64
PANVEL EAST,6,NA,B/65
PANVEL EAST,6,NA,B/66
PANVEL EAST,6,NA,B/66A
PANVEL EAST,6,NA,B/66B
PANVEL EAST,6,NA,B/66C
PANVEL EAST,6,NA,B/67
PANVEL EAST,6,NA,B/68
PANVEL EAST,6,NA,B/69
PANVEL EAST,6,NA,B/70
PANVEL EAST,6,NA,B/71
PANVEL EAST,6,NA,B/72
PANVEL EAST,6,NA,B/73
PANVEL EAST,6,NA,B/74
PANVEL EAST,6,NA,B/75
PANVEL EAST,6,NA,B/75A
PANVEL EAST,6,NA,1 to 16
PANVEL EAST,6,NA,1
PANVEL EAST,6,NA,2
PANVEL EAST,6,NA,3
PANVEL EAST,6,NA,4
PANVEL EAST,6,NA,5
PANVEL EAST,6,NA,6
PANVEL EAST,6,NA,7
PANVEL EAST,6,NA,8
PANVEL EAST,6,NA,9
PANVEL EAST,6,NA,10
PANVEL EAST,6,NA,11
PANVEL EAST,6,NA,12
PANVEL EAST,6,NA,13
PANVEL EAST,6,NA,14
PANVEL EAST,6,NA,15
PANVEL EAST,6,NA,16
PANVEL EAST,6,NA,A1-30
PANVEL EAST,6,NA,A1-31
PANVEL EAST,6,NA,A1-32
PANVEL EAST,6,NA,A1-33
PANVEL EAST,6,NA,A1-34
PANVEL EAST,6,NA,A1-35
PANVEL EAST,6,NA,A2-30
PANVEL EAST,6,NA,A2-31
PANVEL EAST,6,NA,A2-32
PANVEL EAST,6,NA,A2-33
PANVEL EAST,6,NA,A2-34
PANVEL EAST,6,NA,A2-35
PANVEL EAST,6,NA,A3-30
PANVEL EAST,6,NA,A3-31
PANVEL EAST,6,NA,A3-32
PANVEL EAST,6,NA,A3-33
PANVEL EAST,6,NA,A3-34
PANVEL EAST,6,NA,A3-35
PANVEL EAST,6,NA,A4-30
PANVEL EAST,6,NA,A-4-31
PANVEL EAST,6,NA,A-4-32
PANVEL EAST,6,NA,A-4-33
PANVEL EAST,6,NA,A-4-34
PANVEL EAST,6,NA,A-4-33+34
PANVEL EAST,6,NA,A5-30
PANVEL EAST,6,NA,A5-31
PANVEL EAST,6,NA,A5-32
PANVEL EAST,6,NA,A5-30+31+32
PANVEL EAST,6,NA,A5-33
PANVEL EAST,6,NA,A5-34
PANVEL EAST,6,NA,A5-35
PANVEL EAST,6,NA,A5-33+34+35
PANVEL EAST,6,NA,A44-30
PANVEL EAST,6,NA,A44-31
PANVEL EAST,6,NA,A44-32
PANVEL EAST,6,NA,A44-33
PANVEL EAST,6,NA,A44-34
PANVEL EAST,6,NA,A44-35
PANVEL EAST,6,NA,A45-30
PANVEL EAST,6,NA,A45-31
PANVEL EAST,6,NA,A45-32
PANVEL EAST,6,NA,A45-30+31+32
PANVEL EAST,6,NA,A45-33
PANVEL EAST,6,NA,A45-34
PANVEL EAST,6,NA,A46-30
PANVEL EAST,6,NA,A46-31
PANVEL EAST,6,NA,A46-32
PANVEL EAST,6,NA,A46-30+31+32
PANVEL EAST,6,NA,A46-33
PANVEL EAST,6,NA,A46-34
PANVEL EAST,6,NA,A46-35
PANVEL EAST,6,NA,A46-33+34+35
PANVEL EAST,6,NA,A47-30
PANVEL EAST,6,NA,A47-31
PANVEL EAST,6,NA,A47-32
PANVEL EAST,6,NA,A47-33
PANVEL EAST,6,NA,A47-34
PANVEL EAST,6,NA,A47-35
PANVEL EAST,6,NA,A47-33+34+35
PANVEL EAST,6,NA,A48-30
PANVEL EAST,6,NA,A48-31
PANVEL EAST,6,NA,A48-32
PANVEL EAST,6,NA,A48-33
PANVEL EAST,6,NA,A48-34
PANVEL EAST,6,NA,B1-30
PANVEL EAST,6,NA,B1-31
PANVEL EAST,6,NA,B1-32
PANVEL EAST,6,NA,B1-31+32
PANVEL EAST,6,NA,B1-33
PANVEL EAST,6,NA,B1-34
PANVEL EAST,6,NA,B1-35
PANVEL EAST,6,NA,B1-33+34+35
PANVEL EAST,6,NA,B2-30
PANVEL EAST,6,NA,B2-31
PANVEL EAST,6,NA,B2-32
PANVEL EAST,6,NA,B2-33
PANVEL EAST,6,NA,B2-34
PANVEL EAST,6,NA,B2-35
PANVEL EAST,6,NA,B3-30
PANVEL EAST,6,NA,B3-31
PANVEL EAST,6,NA,B3-32
PANVEL EAST,6,NA,B3-33
PANVEL EAST,6,NA,B3-34
PANVEL EAST,6,NA,B3-35
PANVEL EAST,6,NA,B42-30
PANVEL EAST,6,NA,B42-31
PANVEL EAST,6,NA,B42-32
PANVEL EAST,6,NA,B42-33
PANVEL EAST,6,NA,B42-34
PANVEL EAST,6,NA,B42-35
PANVEL EAST,6,NA,B43-30
PANVEL EAST,6,NA,B43-31
PANVEL EAST,6,NA,B43-32
PANVEL EAST,6,NA,B43-33
PANVEL EAST,6,NA,B43-34
PANVEL EAST,6,NA,B43-35
PANVEL EAST,6,NA,B44-30
PANVEL EAST,6,NA,B44-31
PANVEL EAST,6,NA,B44-32
PANVEL EAST,6,NA,B44-33
PANVEL EAST,6,NA,B44-34
PANVEL EAST,6,NA,B44-35
PANVEL EAST,6,NA,C42-30+31+32
PANVEL EAST,6,NA,C42-33+34+35
PANVEL EAST,6,NA,C43-30+31+32
PANVEL EAST,6,NA,C42-33+34+35
PANVEL EAST,6,NA,C44-30+31+32
PANVEL EAST,6,NA,C44-33+34+35
PANVEL EAST,6,NA,C3-30
PANVEL EAST,6,NA,C3-31
PANVEL EAST,6,NA,C3-32
PANVEL EAST,6,NA,C3-30+31+32
PANVEL EAST,6,NA,C3-33
PANVEL EAST,6,NA,C3-34
PANVEL EAST,6,NA,C3-35
PANVEL EAST,6,NA,C3-33+34+35
PANVEL EAST,6,NA,C4-30
PANVEL EAST,6,NA,C4-31
PANVEL EAST,6,NA,C4-32
PANVEL EAST,6,NA,C4-30+31+32
PANVEL EAST,6,NA,C4-33
PANVEL EAST,6,NA,C4-34
PANVEL EAST,6,NA,C4-35
PANVEL EAST,6,NA,C4-33+34+35
PANVEL EAST,6,NA,C5-30
PANVEL EAST,6,NA,C5-31
PANVEL EAST,6,NA,C4-33+34+35
PANVEL EAST,6,NA,C5-32
PANVEL EAST,6,NA,C5-33
PANVEL EAST,6,NA,C5-34
PANVEL EAST,6,NA,C5-35
PANVEL EAST,6,NA,C6-30
PANVEL EAST,6,NA,C6-31
PANVEL EAST,6,NA,C6-32
PANVEL EAST,6,NA,C6-30+31+32
PANVEL EAST,6,NA,C6-33
PANVEL EAST,6,NA,C6-34
PANVEL EAST,6,NA,C6-35
PANVEL EAST,6,NA,C6-33+34+35
PANVEL EAST,6,NA,C17-30
PANVEL EAST,6,NA,C17-31
PANVEL EAST,6,NA,C17-32
PANVEL EAST,6,NA,C17-30+31+32
PANVEL EAST,6,NA,C17-33
PANVEL EAST,6,NA,C17-34
PANVEL EAST,6,NA,C17-35
PANVEL EAST,6,NA,C18-30
PANVEL EAST,6,NA,C18-31
PANVEL EAST,6,NA,C18-32
PANVEL EAST,6,NA,C18-33
PANVEL EAST,6,NA,C18-34
PANVEL EAST,6,NA,C18-35
PANVEL EAST,6,NA,C18-33+34+35
PANVEL EAST,6,NA,C19-30
PANVEL EAST,6,NA,C19-31
PANVEL EAST,6,NA,C19-32
PANVEL EAST,6,NA,C19-33
PANVEL EAST,6,NA,C19-34
PANVEL EAST,6,NA,C19-35
PANVEL EAST,6,NA,C20-30
PANVEL EAST,6,NA,C20-31
PANVEL EAST,6,NA,C20-32
PANVEL EAST,6,NA,C20-33
PANVEL EAST,6,NA,C20-34
PANVEL EAST,6,NA,C20-35
PANVEL EAST,6,NA,D31-30
PANVEL EAST,6,NA,D31-31
PANVEL EAST,6,NA,D31-32
PANVEL EAST,6,NA,D31-33
PANVEL EAST,6,NA,D31-34
PANVEL EAST,6,NA,D32-30
PANVEL EAST,6,NA,D32-31
PANVEL EAST,6,NA,D32-32
PANVEL EAST,6,NA,D32-33
PANVEL EAST,6,NA,D32-34
PANVEL EAST,6,NA,D33-30
PANVEL EAST,6,NA,D33-31
PANVEL EAST,6,NA,D33-32
PANVEL EAST,6,NA,D33-30+31+32
PANVEL EAST,6,NA,D33-33
PANVEL EAST,6,NA,D33-34
PANVEL EAST,6,NA,D34-30
PANVEL EAST,6,NA,D34-31
PANVEL EAST,6,NA,D34-32
PANVEL EAST,6,NA,D34-33
PANVEL EAST,6,NA,D34-34
PANVEL EAST,6,NA,D34-32+33+34
PANVEL EAST,6,NA,D35-30
PANVEL EAST,6,NA,D35-31
PANVEL EAST,6,NA,D35-32
PANVEL EAST,6,NA,D35-33
PANVEL EAST,6,NA,D35-34
PANVEL EAST,6,NA,D35-32+33+34
PANVEL EAST,6,NA,D36-30
PANVEL EAST,6,NA,D36-31
PANVEL EAST,6,NA,D36-32
PANVEL EAST,6,NA,D36-30+31+32
PANVEL EAST,6,NA,D36-33
PANVEL EAST,6,NA,D36-34
PANVEL EAST,6,NA,D37-30
PANVEL EAST,6,NA,D37-31
PANVEL EAST,6,NA,D37-32
PANVEL EAST,6,NA,D37-33
PANVEL EAST,6,NA,D37-34
PANVEL EAST,6,NA,D38-30
PANVEL EAST,6,NA,D38-31
PANVEL EAST,6,NA,D38-32
PANVEL EAST,6,NA,D38-33
PANVEL EAST,6,NA,D38-34
PANVEL EAST,6,NA,E1-30
PANVEL EAST,6,NA,E1-31
PANVEL EAST,6,NA,E1-32
PANVEL EAST,6,NA,E1-33
PANVEL EAST,6,NA,E1-34
PANVEL EAST,6,NA,E2-30
PANVEL EAST,6,NA,E2-31
PANVEL EAST,6,NA,E2-32
PANVEL EAST,6,NA,E2-33
PANVEL EAST,6,NA,E46-30
PANVEL EAST,6,NA,E46-31
PANVEL EAST,6,NA,E46-32
PANVEL EAST,6,NA,E46-33
PANVEL EAST,6,NA,E46-34
PANVEL EAST,6,NA,E47-30
PANVEL EAST,6,NA,E47-31
PANVEL EAST,6,NA,E47-32
PANVEL EAST,6,NA,E47-33
PANVEL EAST,6,NA,E47-34
PANVEL EAST,6,NA,A1
PANVEL EAST,6,NA,A2
PANVEL EAST,6,NA,A3
PANVEL EAST,6,NA,A4
PANVEL EAST,6,NA,A5
PANVEL EAST,6,NA,A44
PANVEL EAST,6,NA,A45
PANVEL EAST,6,NA,A46
PANVEL EAST,6,NA,A47
PANVEL EAST,6,NA,A48
PANVEL EAST,6,NA,B1
PANVEL EAST,6,NA,B2
PANVEL EAST,6,NA,B3
PANVEL EAST,6,NA,B42
PANVEL EAST,6,NA,B43
PANVEL EAST,6,NA,B44
PANVEL EAST,6,NA,C3
PANVEL EAST,6,NA,C4
PANVEL EAST,6,NA,C5
PANVEL EAST,6,NA,C6
PANVEL EAST,6,NA,C17
PANVEL EAST,6,NA,C18
PANVEL EAST,6,NA,C19
PANVEL EAST,6,NA,C20
PANVEL EAST,6,NA,D31
PANVEL EAST,6,NA,D32
PANVEL EAST,6,NA,D33
PANVEL EAST,6,NA,D34
PANVEL EAST,6,NA,D35
PANVEL EAST,6,NA,D36
PANVEL EAST,6,NA,D37
PANVEL EAST,6,NA,D38
PANVEL EAST,6,NA,E1
PANVEL EAST,6,NA,E2
PANVEL EAST,6,NA,E46
PANVEL EAST,6,NA,E47
PANVEL EAST,6,NA,B11
PANVEL EAST,6,NA,B12
PANVEL EAST,6,NA,B35
PANVEL EAST,6,NA,B36
PANVEL EAST,6,NA,B37
PANVEL EAST,6,NA,D13
PANVEL EAST,6,NA,D14
PANVEL EAST,6,NA,D15
PANVEL EAST,6,NA,D14+D15
PANVEL EAST,6,NA,D18
PANVEL EAST,6,NA,D19
PANVEL EAST,6,NA,D20+21
PANVEL EAST,6,NA,E18
PANVEL EAST,6,NA,E19
PANVEL EAST,6,NA,E20
PANVEL EAST,6,NA,E21
PANVEL EAST,6,NA,E22
PANVEL EAST,6,NA,E23
PANVEL EAST,6,NA,E24
PANVEL EAST,6,NA,E23+E24
PANVEL EAST,6,NA,E25
PANVEL EAST,6,NA,E26
PANVEL EAST,6,NA,E27
PANVEL EAST,6,NA,E-28 to E-30
PANVEL EAST,6,NA,E31
PANVEL EAST,6,NA,E32
PANVEL EAST,6,NA,E33
PANVEL EAST,6,NA,113
PANVEL EAST,6,NA,114
PANVEL EAST,6,NA,F-1
PANVEL EAST,6,NA,F-2
PANVEL EAST,6,NA,F-3
PANVEL EAST,6,NA,F-4
PANVEL EAST,6,NA,F-5
PANVEL EAST,6,NA,F-6
PANVEL EAST,6,NA,F-7
PANVEL EAST,7,NA,C1A
PANVEL EAST,7,NA,C2B
PANVEL EAST,7,NA,C3C
PANVEL EAST,7,NA,C4D
PANVEL EAST,7,NA,C5E
PANVEL EAST,7,NA,C6F
PANVEL EAST,7,NA,9+9A
PANVEL EAST,7,NA,9
PANVEL EAST,7,NA,9A
PANVEL EAST,7,NA,10
PANVEL EAST,7,NA,11
PANVEL EAST,7,NA,12
PANVEL EAST,7,NA,14
PANVEL EAST,7,NA,15
PANVEL EAST,7,NA,G1
PANVEL EAST,7,NA,D1
PANVEL EAST,7,NA,D2
PANVEL EAST,8,NA,1
PANVEL EAST,8,NA,2
PANVEL EAST,8,NA,3
PANVEL EAST,8,NA,4
PANVEL EAST,8,NA,5
PANVEL EAST,8,NA,4&5
PANVEL EAST,8,NA,6
PANVEL EAST,8,NA,7
PANVEL EAST,8,NA,8
PANVEL EAST,8,NA,9
PANVEL EAST,8,NA,10
PANVEL EAST,8,NA,11
PANVEL EAST,8,NA,12
PANVEL EAST,8,NA,13
PANVEL EAST,8,NA,14
PANVEL EAST,8,NA,15
PANVEL EAST,8,NA,16
PANVEL EAST,8,NA,15&16
PANVEL EAST,8,NA,17
PANVEL EAST,8,NA,18
PANVEL EAST,8,NA,19
PANVEL EAST,8,NA,20
PANVEL EAST,8,NA,21
PANVEL EAST,8,NA,22
PANVEL EAST,8,NA,23
PANVEL EAST,8,NA,24
PANVEL EAST,8,NA,25
PANVEL EAST,8,NA,26
PANVEL EAST,8,NA,27
PANVEL EAST,8,NA,28
PANVEL EAST,8,NA,29
PANVEL EAST,8,NA,30
PANVEL EAST,8,NA,29+30
PANVEL EAST,8,NA,33
PANVEL EAST,8,NA,34
PANVEL EAST,8,NA,35
PANVEL EAST,8,NA,34+35
PANVEL EAST,8,NA,36
PANVEL EAST,8,NA,37
PANVEL EAST,8,NA,36+37
PANVEL EAST,8,NA,38
PANVEL EAST,8,NA,39
PANVEL EAST,8,NA,40
PANVEL EAST,8,NA,41
PANVEL EAST,8,NA,39+40+41
PANVEL EAST,8,NA,42
PANVEL EAST,8,NA,43
PANVEL EAST,8,NA,42+43
PANVEL EAST,8,NA,44
PANVEL EAST,8,NA,45
PANVEL EAST,8,NA,46
PANVEL EAST,8,NA,47
PANVEL EAST,8,NA,46+47
PANVEL EAST,8,NA,48
PANVEL EAST,8,NA,49
PANVEL EAST,8,NA,50
PANVEL EAST,8,NA,48+49+50
PANVEL EAST,8,NA,51
PANVEL EAST,8,NA,52
PANVEL EAST,8,NA,53
PANVEL EAST,8,NA,51+52+53
PANVEL EAST,8,NA,54
PANVEL EAST,8,NA,55
PANVEL EAST,8,NA,54+55
PANVEL EAST,8,NA,56
PANVEL EAST,8,NA,57
PANVEL EAST,8,NA,58
PANVEL EAST,8,NA,57+58
PANVEL EAST,8,NA,59
PANVEL EAST,8,NA,60
PANVEL EAST,8,NA,61
PANVEL EAST,8,NA,62
PANVEL EAST,8,NA,63
PANVEL EAST,8,NA,64
PANVEL EAST,8,NA,63+64
PANVEL EAST,8,NA,65
PANVEL EAST,8,NA,66
PANVEL EAST,8,NA,65+66
PANVEL EAST,8,NA,67
PANVEL EAST,8,NA,68
PANVEL EAST,8,NA,67+68
PANVEL EAST,8,NA,69
PANVEL EAST,8,NA,70
PANVEL EAST,8,NA,71
PANVEL EAST,8,NA,72
PANVEL EAST,8,NA,71+72
PANVEL EAST,8,NA,73
PANVEL EAST,8,NA,74
PANVEL EAST,8,NA,75
PANVEL EAST,8,NA,76
PANVEL EAST,8,NA,77
PANVEL EAST,8,NA,78
PANVEL EAST,8,NA,79
PANVEL EAST,8,NA,80
PANVEL EAST,8,NA,79+80
PANVEL EAST,8,NA,81
PANVEL EAST,8,NA,82
PANVEL EAST,8,NA,91
PANVEL EAST,8,NA,92
PANVEL EAST,8,NA,81+82+91+92
PANVEL EAST,8,NA,83
PANVEL EAST,8,NA,84
PANVEL EAST,8,NA,93
PANVEL EAST,8,NA,94
PANVEL EAST,8,NA,93+94
PANVEL EAST,8,NA,95
PANVEL EAST,8,NA,96
PANVEL EAST,8,NA,97&98
PANVEL EAST,8,NA,99&100
PANVEL EAST,8,NA,101&102
PANVEL EAST,8,NA,103&104
PANVEL EAST,8,NA,105&106
PANVEL EAST,8,NA,107&108
PANVEL EAST,8,NA,109
PANVEL EAST,8,NA,110
PANVEL EAST,8,NA,111
PANVEL EAST,8,NA,112
PANVEL EAST,8,NA,117
PANVEL EAST,8,NA,118
PANVEL EAST,8,NA,123
PANVEL EAST,8,NA,124
PANVEL EAST,8,NA,112+117+118+123+124
PANVEL EAST,8,NA,125
PANVEL EAST,8,NA,126
PANVEL EAST,8,NA,127
PANVEL EAST,8,NA,125+126+127
PANVEL EAST,8,NA,128
PANVEL EAST,8,NA,129
PANVEL EAST,9,NA,1A
PANVEL EAST,9,NA,2A
PANVEL EAST,9,NA,3A+4A
PANVEL EAST,9,NA,3A
PANVEL EAST,9,NA,4A
PANVEL EAST,9,NA,5A
PANVEL EAST,9,NA,1
PANVEL EAST,9,NA,2
PANVEL EAST,9,NA,3
PANVEL EAST,9,NA,4
PANVEL EAST,9,NA,5
PANVEL EAST,9,NA,6
PANVEL EAST,9,NA,7
PANVEL EAST,9,NA,8
PANVEL EAST,9,NA,9
PANVEL EAST,9,NA,10
PANVEL EAST,9,NA,11
PANVEL EAST,9,NA,12
PANVEL EAST,9,NA,13
PANVEL EAST,9,NA,14
PANVEL EAST,9,NA,15
PANVEL EAST,9,NA,16
PANVEL EAST,9,NA,17
PANVEL EAST,9,NA,18
PANVEL EAST,9,NA,19
PANVEL EAST,9,NA,20
PANVEL EAST,9,NA,21
PANVEL EAST,9,NA,22
PANVEL EAST,9,NA,23
PANVEL EAST,9,NA,24
PANVEL EAST,9,NA,25
PANVEL EAST,9,NA,26
PANVEL EAST,9,NA,27
PANVEL EAST,9,NA,28
PANVEL EAST,9,NA,29
PANVEL EAST,9,NA,30
PANVEL EAST,9,NA,31
PANVEL EAST,9,NA,32
PANVEL EAST,9,NA,33
PANVEL EAST,9,NA,34
PANVEL EAST,9,NA,35
PANVEL EAST,9,NA,36
PANVEL EAST,9,NA,37
PANVEL EAST,9,NA,38
PANVEL EAST,9,NA,39
PANVEL EAST,9,NA,40
PANVEL EAST,9,NA,41
PANVEL EAST,9,NA,42
PANVEL EAST,9,NA,43
PANVEL EAST,9,NA,44
PANVEL EAST,9,NA,45
PANVEL EAST,9,NA,46
PANVEL EAST,9,NA,47
PANVEL EAST,9,NA,48
PANVEL EAST,9,NA,49
PANVEL EAST,9,NA,50
PANVEL EAST,9,NA,51
PANVEL EAST,9,NA,52
PANVEL EAST,9,NA,53
PANVEL EAST,9,NA,54
PANVEL EAST,9,NA,55
PANVEL EAST,9,NA,56
PANVEL EAST,9,NA,57
PANVEL EAST,9,NA,58
PANVEL EAST,9,NA,59
PANVEL EAST,9,NA,60
PANVEL EAST,9,NA,61
PANVEL EAST,9,NA,62
PANVEL EAST,9,NA,63
PANVEL EAST,9,NA,64
PANVEL EAST,9,NA,65
PANVEL EAST,9,NA,66
PANVEL EAST,9,NA,67
PANVEL EAST,9,NA,68
PANVEL EAST,9,NA,69
PANVEL EAST,9,NA,70
PANVEL EAST,9,NA,71
PANVEL EAST,9,NA,72
PANVEL EAST,9,NA,73
PANVEL EAST,9,NA,74
PANVEL EAST,9,NA,75
PANVEL EAST,9,NA,75A
PANVEL EAST,9,NA,76
PANVEL EAST,9,NA,77
PANVEL EAST,9,NA,78
PANVEL EAST,9,NA,79
PANVEL EAST,9,NA,80
PANVEL EAST,9,NA,81
PANVEL EAST,9,NA,82
PANVEL EAST,9,NA,83
PANVEL EAST,9,NA,84
PANVEL EAST,9,NA,85
PANVEL EAST,9,NA,86
PANVEL EAST,9,NA,87
PANVEL EAST,9,NA,88
PANVEL EAST,9,NA,89
PANVEL EAST,9,NA,90
PANVEL EAST,9,NA,91
PANVEL EAST,9,NA,92
PANVEL EAST,9,NA,93
PANVEL EAST,9,NA,94
PANVEL EAST,9,NA,95
PANVEL EAST,9,NA,96
PANVEL EAST,9,NA,97
PANVEL EAST,9,NA,98
PANVEL EAST,9,NA,99
PANVEL EAST,9,NA,100
PANVEL EAST,9,NA,101
PANVEL EAST,9,NA,102
PANVEL EAST,9,NA,103
PANVEL EAST,9,NA,104
PANVEL EAST,9,NA,105
PANVEL EAST,9,NA,106
PANVEL EAST,9,NA,107
PANVEL EAST,9,NA,108
PANVEL EAST,9,NA,109
PANVEL EAST,9,NA,110
PANVEL EAST,9,NA,111
PANVEL EAST,9,NA,112
PANVEL EAST,9,NA,113
PANVEL EAST,9,NA,114
PANVEL EAST,9,NA,115
PANVEL EAST,9,NA,116
PANVEL EAST,9,NA,117
PANVEL EAST,9,NA,118
PANVEL EAST,9,NA,119
PANVEL EAST,9,NA,120
PANVEL EAST,9,NA,121
PANVEL EAST,9,NA,122
PANVEL EAST,9,NA,123
PANVEL EAST,9,NA,124
PANVEL EAST,9,NA,125
PANVEL EAST,9,NA,126
PANVEL EAST,9,NA,127
PANVEL EAST,9,NA,128
PANVEL EAST,9,NA,129
PANVEL EAST,9,NA,130
PANVEL EAST,9,NA,131
PANVEL EAST,9,NA,133
PANVEL EAST,9,NA,134
PANVEL EAST,9,NA,135
PANVEL EAST,9,NA,136
PANVEL EAST,9,NA,137
PANVEL EAST,9,NA,138
PANVEL EAST,9,NA,139
PANVEL EAST,9,NA,140
PANVEL EAST,9,NA,141
PANVEL EAST,9,NA,142
PANVEL EAST,9,NA,132
PANVEL EAST,9,NA,143
PANVEL EAST,9,NA,144
PANVEL EAST,9,NA,132+143+144
PANVEL EAST,9,NA,145
PANVEL EAST,9,NA,155
PANVEL EAST,9,NA,156
PANVEL EAST,9,NA,145+155+156
PANVEL EAST,9,NA,146
PANVEL EAST,9,NA,147
PANVEL EAST,9,NA,148
PANVEL EAST,9,NA,149
PANVEL EAST,9,NA,150
PANVEL EAST,9,NA,151
PANVEL EAST,9,NA,152
PANVEL EAST,9,NA,153
PANVEL EAST,9,NA,154
PANVEL EAST,9,NA,157
PANVEL EAST,9,NA,158
PANVEL EAST,9,NA,159
PANVEL EAST,9,NA,160
PANVEL EAST,9,NA,161
PANVEL EAST,9,NA,162
PANVEL EAST,9,NA,163
PANVEL EAST,9,NA,164
PANVEL EAST,9,NA,165
PANVEL EAST,9,NA,166
PANVEL EAST,9,NA,167
PANVEL EAST,9,NA,168+169
PANVEL EAST,9,NA,NA
PANVEL EAST,9,NA,170
PANVEL EAST,9,NA,171
PANVEL EAST,9,NA,172
PANVEL EAST,9,NA,173
PANVEL EAST,9,NA,174
PANVEL EAST,9,NA,175
PANVEL EAST,9,NA,176
PANVEL EAST,9,NA,177
PANVEL EAST,9,NA,178
PANVEL EAST,9,NA,179
PANVEL EAST,9,NA,180
PANVEL EAST,9,NA,181
PANVEL EAST,9,NA,182
PANVEL EAST,9,NA,183
PANVEL EAST,9,NA,184
PANVEL EAST,9,NA,185
PANVEL EAST,9,NA,186
PANVEL EAST,9,NA,187
PANVEL EAST,9,NA,188
PANVEL EAST,9,NA,189
PANVEL EAST,9,NA,190
PANVEL EAST,9,NA,191
PANVEL EAST,9,NA,192
PANVEL EAST,9,NA,193
PANVEL EAST,9,NA,194
PANVEL EAST,9,NA,195
PANVEL EAST,9,NA,196
PANVEL EAST,9,NA,197
PANVEL EAST,9,NA,198
PANVEL EAST,9,NA,199
PANVEL EAST,9,NA,200
PANVEL EAST,9,NA,201
PANVEL EAST,9,NA,203
PANVEL EAST,9,NA,203/1
PANVEL EAST,9,NA,203/2
PANVEL EAST,9,NA,203A
PANVEL EAST,9,NA,203B
PANVEL EAST,9,NA,202
PANVEL EAST,9,NA,202A
PANVEL EAST,10,NA,1
PANVEL EAST,10,NA,2
PANVEL EAST,10,NA,3
PANVEL EAST,10,NA,4
PANVEL EAST,10,NA,5
PANVEL EAST,10,NA,6
PANVEL EAST,10,NA,7
PANVEL EAST,10,NA,8
PANVEL EAST,10,NA,9
PANVEL EAST,10,NA,10
PANVEL EAST,10,NA,11
PANVEL EAST,10,NA,12
PANVEL EAST,10,NA,13
PANVEL EAST,10,NA,14
PANVEL EAST,10,NA,15
PANVEL EAST,10,NA,16
PANVEL EAST,10,NA,17
PANVEL EAST,10,NA,18
PANVEL EAST,10,NA,19
PANVEL EAST,10,NA,20
PANVEL EAST,10,NA,21
PANVEL EAST,10,NA,22
PANVEL EAST,10,NA,23
PANVEL EAST,10,NA,24
PANVEL EAST,10,NA,25
PANVEL EAST,10,NA,26
PANVEL EAST,10,NA,27
PANVEL EAST,10,NA,28
PANVEL EAST,10,NA,29
PANVEL EAST,10,NA,30
PANVEL EAST,10,NA,31
PANVEL EAST,10,NA,32
PANVEL EAST,10,NA,33
PANVEL EAST,10,NA,34
PANVEL EAST,10,NA,35
PANVEL EAST,10,NA,36+37
PANVEL EAST,10,NA,
PANVEL EAST,10,NA,38+39
PANVEL EAST,10,NA,
PANVEL EAST,10,NA,128+129
PANVEL EAST,10,NA,
PANVEL EAST,10,NA,36+37+38+39+128+129
PANVEL EAST,10,NA,40
PANVEL EAST,10,NA,41
PANVEL EAST,10,NA,42
PANVEL EAST,10,NA,43
PANVEL EAST,10,NA,44
PANVEL EAST,10,NA,45
PANVEL EAST,10,NA,46
PANVEL EAST,10,NA,47
PANVEL EAST,10,NA,48
PANVEL EAST,10,NA,49
PANVEL EAST,10,NA,50
PANVEL EAST,10,NA,51
PANVEL EAST,10,NA,52
PANVEL EAST,10,NA,53
PANVEL EAST,10,NA,54
PANVEL EAST,10,NA,55
PANVEL EAST,10,NA,56
PANVEL EAST,10,NA,57
PANVEL EAST,10,NA,58
PANVEL EAST,10,NA,59
PANVEL EAST,10,NA,60
PANVEL EAST,10,NA,61+62
PANVEL EAST,10,NA,
PANVEL EAST,10,NA,63
PANVEL EAST,10,NA,64
PANVEL EAST,10,NA,65
PANVEL EAST,10,NA,66
PANVEL EAST,10,NA,67
PANVEL EAST,10,NA,68
PANVEL EAST,10,NA,69
PANVEL EAST,10,NA,70
PANVEL EAST,10,NA,71
PANVEL EAST,10,NA,72
PANVEL EAST,10,NA,73
PANVEL EAST,10,NA,74
PANVEL EAST,10,NA,75
PANVEL EAST,10,NA,76
PANVEL EAST,10,NA,77
PANVEL EAST,10,NA,78
PANVEL EAST,10,NA,79
PANVEL EAST,10,NA,80
PANVEL EAST,10,NA,81
PANVEL EAST,10,NA,82
PANVEL EAST,10,NA,83
PANVEL EAST,10,NA,84
PANVEL EAST,10,NA,85
PANVEL EAST,10,NA,86
PANVEL EAST,10,NA,87
PANVEL EAST,10,NA,88
PANVEL EAST,10,NA,89
PANVEL EAST,10,NA,90
PANVEL EAST,10,NA,91
PANVEL EAST,10,NA,92
PANVEL EAST,10,NA,93
PANVEL EAST,10,NA,94
PANVEL EAST,10,NA,95
PANVEL EAST,10,NA,96
PANVEL EAST,10,NA,97
PANVEL EAST,10,NA,98
PANVEL EAST,10,NA,99
PANVEL EAST,10,NA,100
PANVEL EAST,10,NA,101
PANVEL EAST,10,NA,102
PANVEL EAST,10,NA,103
PANVEL EAST,10,NA,104
PANVEL EAST,10,NA,105
PANVEL EAST,10,NA,106
PANVEL EAST,10,NA,107
PANVEL EAST,10,NA,108
PANVEL EAST,10,NA,109
PANVEL EAST,10,NA,110
PANVEL EAST,10,NA,111
PANVEL EAST,10,NA,112
PANVEL EAST,10,NA,113
PANVEL EAST,10,NA,114
PANVEL EAST,10,NA,115
PANVEL EAST,10,NA,116
PANVEL EAST,10,NA,117
PANVEL EAST,10,NA,118
PANVEL EAST,10,NA,119
PANVEL EAST,10,NA,120
PANVEL EAST,10,NA,121
PANVEL EAST,10,NA,122
PANVEL EAST,10,NA,123
PANVEL EAST,10,NA,124
PANVEL EAST,10,NA,125
PANVEL EAST,10,NA,126
PANVEL EAST,10,NA,127
PANVEL EAST,10,NA,130
PANVEL EAST,10,NA,131
PANVEL EAST,10,NA,132
PANVEL EAST,10,NA,133
PANVEL EAST,10,NA,134
PANVEL EAST,10,NA,135
PANVEL EAST,10,NA,136
PANVEL EAST,10,NA,137
PANVEL EAST,10,NA,138
PANVEL EAST,10,NA,139
PANVEL EAST,10,NA,140
PANVEL EAST,10,NA,141
PANVEL EAST,10,NA,142
PANVEL EAST,10,NA,143
PANVEL EAST,10,NA,144
PANVEL EAST,10,NA,145
PANVEL EAST,10,NA,146
PANVEL EAST,10,NA,147
PANVEL EAST,10,NA,148
PANVEL EAST,10,NA,149
PANVEL EAST,10,NA,150
PANVEL EAST,10,NA,151
PANVEL EAST,10,NA,152
PANVEL EAST,10,NA,153
PANVEL EAST,10,NA,154
PANVEL EAST,10,NA,155
PANVEL EAST,10,NA,156
PANVEL EAST,10,NA,157
PANVEL EAST,10,NA,158
PANVEL EAST,10,NA,159
PANVEL EAST,10,NA,160
PANVEL EAST,10,NA,161
PANVEL EAST,10,NA,162
PANVEL EAST,10,NA,163
PANVEL EAST,10,NA,164
PANVEL EAST,10,NA,165
PANVEL EAST,10,NA,166
PANVEL EAST,10,NA,167
PANVEL EAST,10,NA,168
PANVEL EAST,10,NA,169
PANVEL EAST,10,NA,170
PANVEL EAST,10,NA,171
PANVEL EAST,10,NA,172
PANVEL EAST,10,NA,173
PANVEL EAST,10,NA,174
PANVEL EAST,10,NA,186
PANVEL EAST,10,NA,187
PANVEL EAST,10,NA,188
PANVEL EAST,10,NA,189
PANVEL EAST,10,NA,190
PANVEL EAST,10,NA,172+173+174+186+187+188+189+190
PANVEL EAST,10,NA,175
PANVEL EAST,10,NA,176
PANVEL EAST,10,NA,177+178
PANVEL EAST,10,NA,
PANVEL EAST,10,NA,179
PANVEL EAST,10,NA,180
PANVEL EAST,10,NA,181
PANVEL EAST,10,NA,182+183
PANVEL EAST,10,NA,
PANVEL EAST,10,NA,176 TO 183
PANVEL EAST,10,NA,184
PANVEL EAST,10,NA,185
PANVEL EAST,10,NA,191
PANVEL EAST,10,NA,192
PANVEL EAST,10,NA,193
PANVEL EAST,10,NA,194
PANVEL EAST,10,NA,195
PANVEL EAST,10,NA,196
PANVEL EAST,10,NA,197
PANVEL EAST,10,NA,199
PANVEL EAST,10,NA,200
PANVEL EAST,10,NA,201
PANVEL EAST,10,NA,202
PANVEL EAST,10,NA,203
PANVEL EAST,10,NA,204
PANVEL EAST,10,NA,205
PANVEL EAST,10,NA,206
PANVEL EAST,10,NA,191+192+193+194+195+196+197+199+200+201+202+203+204+205+206
PANVEL EAST,10,NA,198
PANVEL EAST,10,NA,207
PANVEL EAST,10,NA,208
PANVEL EAST,10,NA,209
PANVEL EAST,10,NA,210
PANVEL EAST,10,NA,211
PANVEL EAST,10,NA,212
PANVEL EAST,10,NA,213
PANVEL EAST,10,NA,214
PANVEL EAST,10,NA,215
PANVEL EAST,10,NA,216
PANVEL EAST,10,NA,217
PANVEL EAST,10,NA,218
PANVEL EAST,10,NA,219
PANVEL EAST,10,NA,220
PANVEL EAST,10,NA,221
PANVEL EAST,10,NA,222
PANVEL EAST,10,NA,223
PANVEL EAST,10,NA,224
PANVEL EAST,10,NA,225
PANVEL EAST,10,NA,226
PANVEL EAST,10,NA,227
PANVEL EAST,10,NA,228
PANVEL EAST,10,NA,229
PANVEL EAST,10,NA,230
PANVEL EAST,10,NA,231
PANVEL EAST,10,NA,232
PANVEL EAST,10,NA,233
PANVEL EAST,10,NA,234
PANVEL EAST,10,NA,235
PANVEL EAST,10,NA,236
PANVEL EAST,10,NA,237
PANVEL EAST,10,NA,238
PANVEL EAST,10,NA,239
PANVEL EAST,10,NA,240
PANVEL EAST,10,NA,241
PANVEL EAST,10,NA,242
PANVEL EAST,10,NA,243
PANVEL EAST,10,NA,244
PANVEL EAST,10,NA,245
PANVEL EAST,10,NA,246
PANVEL EAST,10,NA,247
PANVEL EAST,10,NA,248
PANVEL EAST,10,NA,249
PANVEL EAST,10,NA,250
PANVEL EAST,10,NA,251
PANVEL EAST,10,NA,252
PANVEL EAST,10,NA,253
PANVEL EAST,10,NA,254
PANVEL EAST,10,NA,255
PANVEL EAST,10,NA,256
PANVEL EAST,10,NA,257
PANVEL EAST,10,NA,258
PANVEL EAST,10,NA,259
PANVEL EAST,10,NA,260
PANVEL EAST,10,NA,261
PANVEL EAST,10,NA,262
PANVEL EAST,10,NA,263
PANVEL EAST,10,NA,264
PANVEL EAST,10,NA,265
PANVEL EAST,10,NA,266
PANVEL EAST,10,NA,267
PANVEL EAST,10,NA,268
PANVEL EAST,10,NA,269
PANVEL EAST,10,NA,266A
PANVEL EAST,11,VIJAY MARG,2
PANVEL EAST,11,VIJAY MARG,4
PANVEL EAST,11,VIJAY MARG,6
PANVEL EAST,11,VIJAY MARG,8
PANVEL EAST,11,VIJAY MARG,10
PANVEL EAST,11,VIJAY MARG,12
PANVEL EAST,11,VIJAY MARG,14
PANVEL EAST,11,VIJAY MARG,16
PANVEL EAST,11,VIJAY MARG,18
PANVEL EAST,11,VIJAY MARG,20
PANVEL EAST,11,VIJAY MARG,22
PANVEL EAST,11,VIJAY MARG,24
PANVEL EAST,11,VIJAY MARG,26
PANVEL EAST,11,VIJAY MARG,26A
PANVEL EAST,11,MATHERAN ROAD,1
PANVEL EAST,11,MATHERAN ROAD,3
PANVEL EAST,11,MATHERAN ROAD,5
PANVEL EAST,11,MATHERAN ROAD,7
PANVEL EAST,11,MATHERAN ROAD,9
PANVEL EAST,11,MATHERAN ROAD,11
PANVEL EAST,11,MATHERAN ROAD,13
PANVEL EAST,11,MATHERAN ROAD,15
PANVEL EAST,11,MATHERAN ROAD,17
PANVEL EAST,11,MATHERAN ROAD,19
PANVEL EAST,11,MATHERAN ROAD,21
PANVEL EAST,11,MATHERAN ROAD,23
PANVEL EAST,11,MATHERAN ROAD,25
PANVEL EAST,11,MATHERAN ROAD,27
PANVEL EAST,11,1,1
PANVEL EAST,11,1,3
PANVEL EAST,11,1,5
PANVEL EAST,11,1,7
PANVEL EAST,11,1,9
PANVEL EAST,11,1,11
PANVEL EAST,11,1,2
PANVEL EAST,11,1,4
PANVEL EAST,11,1,6
PANVEL EAST,11,1,8
PANVEL EAST,11,1,10
PANVEL EAST,11,1,12
PANVEL EAST,11,1,14
PANVEL EAST,11,1,16
PANVEL EAST,11,1,18
PANVEL EAST,11,2,1
PANVEL EAST,11,2,3
PANVEL EAST,11,2,5
PANVEL EAST,11,2,7
PANVEL EAST,11,2,9
PANVEL EAST,11,2,11
PANVEL EAST,11,2,13
PANVEL EAST,11,2,15
PANVEL EAST,11,2,17
PANVEL EAST,11,2,2
PANVEL EAST,11,2,4
PANVEL EAST,11,2,6
PANVEL EAST,11,3,1
PANVEL EAST,11,3,3
PANVEL EAST,11,3,5
PANVEL EAST,11,3,7
PANVEL EAST,11,3,9
PANVEL EAST,11,3,11
PANVEL EAST,11,3,13
PANVEL EAST,11,3,15
PANVEL EAST,11,3,17
PANVEL EAST,11,3,2
PANVEL EAST,11,3,4
PANVEL EAST,11,3,6
PANVEL EAST,11,3,8
PANVEL EAST,11,3,10
PANVEL EAST,11,3,12
PANVEL EAST,11,3,14
PANVEL EAST,11,3,16
PANVEL EAST,11,3,18
PANVEL EAST,11,3,20
PANVEL EAST,11,4,2
PANVEL EAST,11,4,4
PANVEL EAST,11,4,6
PANVEL EAST,11,4,8
PANVEL EAST,11,4,10
PANVEL EAST,11,4,12
PANVEL EAST,11,4,14
PANVEL EAST,11,4,16
PANVEL EAST,11,4,18
PANVEL EAST,11,4,1
PANVEL EAST,11,4,3
PANVEL EAST,11,4,1+3
PANVEL EAST,11,4,5
PANVEL EAST,11,4,7
PANVEL EAST,11,4,9
PANVEL EAST,11,4,11
PANVEL EAST,11,4,13
PANVEL EAST,11,4,15
PANVEL EAST,11,4,17
PANVEL EAST,11,4,19
PANVEL EAST,11,4,21
PANVEL EAST,11,5,1
PANVEL EAST,11,5,3
PANVEL EAST,11,5,5
PANVEL EAST,11,5,7
PANVEL EAST,11,5,9
PANVEL EAST,11,5,11
PANVEL EAST,11,5,13
PANVEL EAST,11,5,15
PANVEL EAST,11,5,17
PANVEL EAST,11,5,19
PANVEL EAST,11,5,2
PANVEL EAST,11,5,4
PANVEL EAST,11,5,6
PANVEL EAST,11,5,8
PANVEL EAST,11,5,10
PANVEL EAST,11,5,12
PANVEL EAST,11,5,14
PANVEL EAST,11,5,16
PANVEL EAST,11,6,2
PANVEL EAST,11,6,4
PANVEL EAST,11,6,6
PANVEL EAST,11,6,8
PANVEL EAST,11,6,10
PANVEL EAST,11,6,12
PANVEL EAST,11,6,14
PANVEL EAST,11,6,16
PANVEL EAST,11,6,18
PANVEL EAST,11,6,20
PANVEL EAST,11,6,22
PANVEL EAST,11,6,1
PANVEL EAST,11,6,3
PANVEL EAST,11,6,5
PANVEL EAST,11,6,7
PANVEL EAST,11,6,9
PANVEL EAST,11,6,11
PANVEL EAST,11,6,13
PANVEL EAST,11,6,15
PANVEL EAST,11,7,1
PANVEL EAST,11,7,3
PANVEL EAST,11,7,5
PANVEL EAST,11,7,7
PANVEL EAST,11,7,9
PANVEL EAST,11,7,11
PANVEL EAST,11,7,13
PANVEL EAST,11,7,15
PANVEL EAST,11,7,2
PANVEL EAST,11,7,4
PANVEL EAST,11,7,6
PANVEL EAST,11,7,8
PANVEL EAST,11,7,10
PANVEL EAST,11,7,12
PANVEL EAST,11,7,14
PANVEL EAST,11,7,16
PANVEL EAST,11,7,18
PANVEL EAST,11,8,2
PANVEL EAST,11,8,4
PANVEL EAST,11,8,6
PANVEL EAST,11,8,8
PANVEL EAST,11,8,10
PANVEL EAST,11,8,12
PANVEL EAST,11,8,14
PANVEL EAST,11,8,16
PANVEL EAST,11,8,1
PANVEL EAST,11,8,3
PANVEL EAST,11,8,5
PANVEL EAST,11,8,7
PANVEL EAST,11,8,9
PANVEL EAST,11,8,11
PANVEL EAST,11,8,13
PANVEL EAST,11,8,15
PANVEL EAST,11,8,17
PANVEL EAST,11,9,1
PANVEL EAST,11,9,3
PANVEL EAST,11,9,5
PANVEL EAST,11,9,7
PANVEL EAST,11,9,9
PANVEL EAST,11,9,11
PANVEL EAST,11,9,13
PANVEL EAST,11,9,15
PANVEL EAST,11,9,17
PANVEL EAST,11,10,2
PANVEL EAST,11,10,4
PANVEL EAST,11,10,6
PANVEL EAST,11,10,8
PANVEL EAST,11,10,10
PANVEL EAST,11,10,12
PANVEL EAST,11,10,14
PANVEL EAST,11,10,16
PANVEL EAST,11,10,1
PANVEL EAST,11,10,3
PANVEL EAST,11,10,5
PANVEL EAST,11,10,7
PANVEL EAST,11,10,9
PANVEL EAST,11,10,11
PANVEL EAST,11,10,13
PANVEL EAST,11,10,15
PANVEL EAST,11,10,17
PANVEL EAST,11,10,19
PANVEL EAST,11,10,21
PANVEL EAST,11,12,2
PANVEL EAST,11,12,4
PANVEL EAST,11,12,6
PANVEL EAST,11,12,8
PANVEL EAST,11,12,10
PANVEL EAST,11,12,12
PANVEL EAST,11,12,14
PANVEL EAST,11,12,16
PANVEL EAST,11,12,18
PANVEL EAST,11,12,20
PANVEL EAST,11,12,22
PANVEL EAST,11,12,1
PANVEL EAST,11,12,3
PANVEL EAST,11,12,5
PANVEL EAST,11,12,7
PANVEL EAST,11,12,9
PANVEL EAST,11,12,11
PANVEL EAST,11,12,13
PANVEL EAST,11,12,15
PANVEL EAST,11,12,17
PANVEL EAST,11,12,19
PANVEL EAST,11,12,21
PANVEL EAST,11,14,2
PANVEL EAST,11,14,4
PANVEL EAST,11,14,6
PANVEL EAST,11,14,8
PANVEL EAST,11,14,10
PANVEL EAST,11,14,12
PANVEL EAST,11,14,14
PANVEL EAST,11,14,16
PANVEL EAST,11,14,18
PANVEL EAST,11,14,1
PANVEL EAST,11,14,3
PANVEL EAST,11,16,2
PANVEL EAST,11,16,4
PANVEL EAST,11,16,6
PANVEL EAST,11,16,8
PANVEL EAST,11,16,10
PANVEL EAST,11,16,12
PANVEL EAST,11,16,14
PANVEL EAST,11,16,16
PANVEL EAST,11,16,1&3
PANVEL EAST,11,16,5
PANVEL EAST,11,16,7
PANVEL EAST,11,16,9
PANVEL EAST,11,16,11
PANVEL EAST,11,16,11A
PANVEL EAST,11,NA,1
PANVEL EAST,11,NA,2
PANVEL EAST,11,NA,28
PANVEL EAST,11,NA,28A
PANVEL EAST,11,NA,28B
PANVEL EAST,11,NA,29
PANVEL EAST,12,VIJAY MARG,2
PANVEL EAST,12,VIJAY MARG,4
PANVEL EAST,12,VIJAY MARG,6
PANVEL EAST,12,VIJAY MARG,8
PANVEL EAST,12,VIJAY MARG,10
PANVEL EAST,12,VIJAY MARG,12
PANVEL EAST,12,VIJAY MARG,14
PANVEL EAST,12,VIJAY MARG,16
PANVEL EAST,12,VIJAY MARG,18
PANVEL EAST,12,VIJAY MARG,20
PANVEL EAST,12,VIJAY MARG,22
PANVEL EAST,12,VIJAY MARG,24
PANVEL EAST,12,VIJAY MARG,26
PANVEL EAST,12,VIJAY MARG,7
PANVEL EAST,12,VIJAY MARG,7A
PANVEL EAST,12,VIJAY MARG,9
PANVEL EAST,12,VIJAY MARG,11
PANVEL EAST,12,1,2
PANVEL EAST,12,1,4
PANVEL EAST,12,1,6
PANVEL EAST,12,1,8
PANVEL EAST,12,1,10
PANVEL EAST,12,1,12
PANVEL EAST,12,1,14
PANVEL EAST,12,1,16
PANVEL EAST,12,1,18
PANVEL EAST,12,1,1
PANVEL EAST,12,1,3
PANVEL EAST,12,1,5
PANVEL EAST,12,2,2
PANVEL EAST,12,2,4
PANVEL EAST,12,2,6
PANVEL EAST,12,2,8
PANVEL EAST,12,2,10
PANVEL EAST,12,2,12
PANVEL EAST,12,2,1
PANVEL EAST,12,2,3
PANVEL EAST,12,2,5
PANVEL EAST,12,2,7
PANVEL EAST,12,2,9
PANVEL EAST,12,2,11
PANVEL EAST,12,2,13
PANVEL EAST,12,2,15
PANVEL EAST,12,3,1
PANVEL EAST,12,3,3
PANVEL EAST,12,3,1+3
PANVEL EAST,12,3,5
PANVEL EAST,12,3,7
PANVEL EAST,12,3,9
PANVEL EAST,12,3,11
PANVEL EAST,12,3,13
PANVEL EAST,12,3,15
PANVEL EAST,12,3,17
PANVEL EAST,12,3,2
PANVEL EAST,12,3,4
PANVEL EAST,12,3,6
PANVEL EAST,12,3,8
PANVEL EAST,12,3,10
PANVEL EAST,12,3,12
PANVEL EAST,12,3,14
PANVEL EAST,12,3,16
PANVEL EAST,12,3,18
PANVEL EAST,12,3,20
PANVEL EAST,12,3,22
PANVEL EAST,12,4,2
PANVEL EAST,12,4,4
PANVEL EAST,12,4,6
PANVEL EAST,12,4,8
PANVEL EAST,12,4,10
PANVEL EAST,12,4,12
PANVEL EAST,12,4,14
PANVEL EAST,12,4,16
PANVEL EAST,12,4,1
PANVEL EAST,12,4,3
PANVEL EAST,12,4,5
PANVEL EAST,12,4,7
PANVEL EAST,12,4,9
PANVEL EAST,12,4,11
PANVEL EAST,12,4,13
PANVEL EAST,12,4,15
PANVEL EAST,12,4,17
PANVEL EAST,12,5,1
PANVEL EAST,12,5,3
PANVEL EAST,12,5,5
PANVEL EAST,12,5,7
PANVEL EAST,12,5,9
PANVEL EAST,12,5,11
PANVEL EAST,12,5,13
PANVEL EAST,12,5,15
PANVEL EAST,12,5,17
PANVEL EAST,12,5,19
PANVEL EAST,12,5,21
PANVEL EAST,12,5,2
PANVEL EAST,12,5,4
PANVEL EAST,12,5,6
PANVEL EAST,12,5,8
PANVEL EAST,12,5,10
PANVEL EAST,12,5,12
PANVEL EAST,12,5,14
PANVEL EAST,12,5,16
PANVEL EAST,12,6,2
PANVEL EAST,12,6,4
PANVEL EAST,12,6,6
PANVEL EAST,12,6,8
PANVEL EAST,12,6,10
PANVEL EAST,12,6,12
PANVEL EAST,12,6,14
PANVEL EAST,12,6,16
PANVEL EAST,12,6,18
PANVEL EAST,12,6,1
PANVEL EAST,12,6,3
PANVEL EAST,12,6,5
PANVEL EAST,12,6,7
PANVEL EAST,12,6,9
PANVEL EAST,12,6,11
PANVEL EAST,12,6,13
PANVEL EAST,12,7,1
PANVEL EAST,12,7,3
PANVEL EAST,12,7,5
PANVEL EAST,12,7,7
PANVEL EAST,12,7,9
PANVEL EAST,12,7,11
PANVEL EAST,12,7,13
PANVEL EAST,12,7,15
PANVEL EAST,12,7,2
PANVEL EAST,12,7,4
PANVEL EAST,12,7,6
PANVEL EAST,12,7,8
PANVEL EAST,12,7,10
PANVEL EAST,12,7,12
PANVEL EAST,12,7,14
PANVEL EAST,12,7,16
PANVEL EAST,12,8,2
PANVEL EAST,12,8,4
PANVEL EAST,12,8,6
PANVEL EAST,12,8,8
PANVEL EAST,12,8,10
PANVEL EAST,12,8,12
PANVEL EAST,12,8,14
PANVEL EAST,12,8,1
PANVEL EAST,12,8,3
PANVEL EAST,12,8,5
PANVEL EAST,12,8,7
PANVEL EAST,12,8,9
PANVEL EAST,12,8,11
PANVEL EAST,12,8,13
PANVEL EAST,12,8,15
PANVEL EAST,12,9,1
PANVEL EAST,12,9,3
PANVEL EAST,12,9,5
PANVEL EAST,12,9,7
PANVEL EAST,12,9,9
PANVEL EAST,12,9,11
PANVEL EAST,12,9,13
PANVEL EAST,12,9,15
PANVEL EAST,12,9,2
PANVEL EAST,12,9,4
PANVEL EAST,12,9,6
PANVEL EAST,12,9,8
PANVEL EAST,12,9,10
PANVEL EAST,12,9,12
PANVEL EAST,12,9,14
PANVEL EAST,12,9,16
PANVEL EAST,12,9,18
PANVEL EAST,12,9,20
PANVEL EAST,12,9,22
PANVEL EAST,12,10,2
PANVEL EAST,12,10,4
PANVEL EAST,12,10,6
PANVEL EAST,12,10,8
PANVEL EAST,12,10,10
PANVEL EAST,12,10,12
PANVEL EAST,12,10,14
PANVEL EAST,12,10,16
PANVEL EAST,12,10,1
PANVEL EAST,12,10,3
PANVEL EAST,12,10,5
PANVEL EAST,12,10,7
PANVEL EAST,12,10,9
PANVEL EAST,12,10,11
PANVEL EAST,12,10,13
PANVEL EAST,12,11,1
PANVEL EAST,12,11,3
PANVEL EAST,12,11,5
PANVEL EAST,12,11,7
PANVEL EAST,12,11,9
PANVEL EAST,12,11,11
PANVEL EAST,12,11,13
PANVEL EAST,12,11,15
PANVEL EAST,12,11,17
PANVEL EAST,12,11,19
PANVEL EAST,12,11,21
PANVEL EAST,12,11,2
PANVEL EAST,12,11,4
PANVEL EAST,12,11,6
PANVEL EAST,12,11,8
PANVEL EAST,12,11,10
PANVEL EAST,12,11,12
PANVEL EAST,12,11,14
PANVEL EAST,12,11,16
PANVEL EAST,12,11,18
PANVEL EAST,12,11,20
PANVEL EAST,12,11,22
PANVEL EAST,12,12,2
PANVEL EAST,12,12,4
PANVEL EAST,12,12,6
PANVEL EAST,12,12,8
PANVEL EAST,12,12,10
PANVEL EAST,12,12,12
PANVEL EAST,12,12,14
PANVEL EAST,12,12,1
PANVEL EAST,12,12,3
PANVEL EAST,12,12,5
PANVEL EAST,12,12,7
PANVEL EAST,12,12,9
PANVEL EAST,12,12,11
PANVEL EAST,12,12,13
PANVEL EAST,12,12,15
PANVEL EAST,12,13,1
PANVEL EAST,12,13,3
PANVEL EAST,12,13,5
PANVEL EAST,12,13,7
PANVEL EAST,12,13,9
PANVEL EAST,12,13,11
PANVEL EAST,12,13,13
PANVEL EAST,12,13,15
PANVEL EAST,12,13,17
PANVEL EAST,12,13,2
PANVEL EAST,12,13,4
PANVEL EAST,12,14,2
PANVEL EAST,12,14,4
PANVEL EAST,12,14,6
PANVEL EAST,12,14,8
PANVEL EAST,12,14,10
PANVEL EAST,12,14,12
PANVEL EAST,12,14,14
PANVEL EAST,12,14,16
PANVEL EAST,12,14,1
PANVEL EAST,12,14,3
PANVEL EAST,12,14,5
PANVEL EAST,12,14,7
PANVEL EAST,12,14,9
PANVEL EAST,12,14,11
PANVEL EAST,12,14,13
PANVEL EAST,12,16,2
PANVEL EAST,12,16,4
PANVEL EAST,12,16,6
PANVEL EAST,12,16,8
PANVEL EAST,12,16,10
PANVEL EAST,12,16,12
PANVEL EAST,12,16,14
PANVEL EAST,12,16,1
PANVEL EAST,12,16,3
PANVEL EAST,12,16,5
PANVEL EAST,12,16,7
PANVEL EAST,12,16,9
PANVEL EAST,12,16,11
PANVEL EAST,12,16,13
PANVEL EAST,12,16,15
PANVEL EAST,12,16,17
PANVEL EAST,12,18,2
PANVEL EAST,12,18,4
PANVEL EAST,12,18,6
PANVEL EAST,12,18,8
PANVEL EAST,12,18,10
PANVEL EAST,12,18,12
PANVEL EAST,12,18,14
PANVEL EAST,12,18,16
PANVEL EAST,12,18,1
PANVEL EAST,12,18,3
PANVEL EAST,12,18,5
PANVEL EAST,12,18,7
PANVEL EAST,12,18,9
PANVEL EAST,12,18,11
PANVEL EAST,12,20,2
PANVEL EAST,12,20,4
PANVEL EAST,12,20,6
PANVEL EAST,12,20,8
PANVEL EAST,12,20,10
PANVEL EAST,12,20,12
PANVEL EAST,12,20,14
PANVEL EAST,12,20,16
PANVEL EAST,12,20,18
PANVEL EAST,12,20,20
PANVEL EAST,12,20,22
PANVEL EAST,12,20,24
PANVEL EAST,12,20,26
PANVEL EAST,12,20,1
PANVEL EAST,12,20,1A
PANVEL EAST,12,20,21
PANVEL EAST,12,20,19
PANVEL EAST,12,20,19A
PANVEL EAST,12,20,9
PANVEL EAST,12,20,3
PANVEL EAST,12,20,5
PANVEL EAST,12,Matheran Road,2
PANVEL EAST,12,Matheran Road,4
PANVEL EAST,12,Matheran Road,6
PANVEL EAST,12,Matheran Road,8
PANVEL EAST,12,Matheran Road,10
PANVEL EAST,12,Matheran Road,12
PANVEL EAST,12,Matheran Road,14
PANVEL EAST,12,Matheran Road,16
PANVEL EAST,12,Matheran Road,18
PANVEL EAST,12,Matheran Road,20
PANVEL EAST,12,Matheran Road,22
PANVEL EAST,12,Matheran Road,24
PANVEL EAST,12,Matheran Road,26
PANVEL EAST,12,Matheran Road,28
PANVEL EAST,12,NA,1
PANVEL EAST,12,NA,2
PANVEL EAST,13,NA,1
PANVEL EAST,13,NA,2
PANVEL EAST,13,NA,3
PANVEL EAST,13,NA,4
PANVEL EAST,13,NA,5
PANVEL EAST,13,NA,6
PANVEL EAST,13,NA,6A
PANVEL EAST,13,NA,7
PANVEL EAST,13,NA,7A
PANVEL EAST,13,NA,8
PANVEL EAST,13,NA,9
PANVEL EAST,13,NA,10
PANVEL EAST,13,NA,11
PANVEL EAST,13,NA,12
PANVEL EAST,13,NA,12A
PANVEL EAST,13,NA,13
PANVEL EAST,13,NA,14
PANVEL EAST,13,NA,14A
PANVEL EAST,13,NA,14B
PANVEL EAST,13,NA,15A
PANVEL EAST,13,NA,15B
PANVEL EAST,13,NA,16
PANVEL EAST,13,NA,17
PANVEL EAST,13,NA,18
PANVEL EAST,13,NA,18A
PANVEL EAST,13,NA,18B
PANVEL EAST,13,NA,18C
PANVEL EAST,13,NA,18D
PANVEL EAST,13,NA,19
PANVEL EAST,13,NA,19A
PANVEL EAST,13,NA,19B
PANVEL EAST,13,NA,19C
PANVEL EAST,13,NA,19D
PANVEL EAST,13,NA,20
PANVEL EAST,13,NA,20A
PANVEL EAST,13,NA,21
PANVEL EAST,13,NA,22
PANVEL EAST,13,NA,23
PANVEL EAST,13,NA,24
PANVEL EAST,13,NA,24A
PANVEL EAST,13,NA,NA
PANVEL EAST,13,NA,MB
PANVEL EAST,14,NA,1
PANVEL EAST,14,NA,2
PANVEL EAST,14,NA,3
PANVEL EAST,14,NA,4
PANVEL EAST,14,NA,5
PANVEL EAST,14,NA,6
PANVEL EAST,14,NA,6A
PANVEL EAST,14,NA,6B
PANVEL EAST,14,NA,7&7A
PANVEL EAST,14,NA,8
PANVEL EAST,14,NA,8A
PANVEL EAST,14,NA,9
PANVEL EAST,14,NA,10
PANVEL EAST,14,NA,11
PANVEL EAST,15,NA,1
PANVEL EAST,15,NA,2
PANVEL EAST,15,NA,3
PANVEL EAST,15,NA,4
PANVEL EAST,15,NA,5
PANVEL EAST,15,NA,7A
PANVEL EAST,15,NA,23A
PANVEL EAST,15,NA,P32
PANVEL EAST,15,NA,37
PANVEL EAST,15,NA,38
PANVEL EAST,15,NA,39
PANVEL EAST,15,NA,40
PANVEL EAST,15,NA,41
PANVEL EAST,15,NA,42
PANVEL EAST,15,NA,43
PANVEL EAST,15,NA,43A
PANVEL EAST,15,NA,43B
PANVEL EAST,15,NA,44
PANVEL EAST,15,NA,45
PANVEL EAST,15,NA,46
PANVEL EAST,15,NA,46B
PANVEL EAST,15,NA,46A
PANVEL EAST,15,NA,47 TO 53
PANVEL EAST,15,NA,54
PANVEL EAST,15,NA,54A
PANVEL EAST,15,NA,54B
PANVEL EAST,15,NA,55
PANVEL EAST,15,NA,56
PANVEL EAST,15,NA,57
PANVEL EAST,15,NA,58
PANVEL EAST,15,NA,59
PANVEL EAST,15,NA,60
PANVEL EAST,16,NA,1
PANVEL EAST,16,NA,2
PANVEL EAST,16,NA,2A
PANVEL EAST,16,NA,2B
PANVEL EAST,16,NA,2C
PANVEL EAST,16,NA,3
PANVEL EAST,16,NA,3A
PANVEL EAST,16,NA,4
PANVEL EAST,16,NA,5
PANVEL EAST,16,NA,5A
PANVEL EAST,16,NA,6
PANVEL EAST,16,NA,7
PANVEL EAST,16,NA,8
PANVEL EAST,16,NA,9
PANVEL EAST,16,NA,9A
PANVEL EAST,16,NA,10
PANVEL EAST,16,NA,10A
PANVEL EAST,16,NA,10B
PANVEL EAST,16,NA,11
PANVEL EAST,16,NA,12
PANVEL EAST,16,NA,13
PANVEL EAST,16,NA,14
PANVEL EAST,16,NA,15
PANVEL EAST,16,NA,16
PANVEL EAST,16,NA,17
PANVEL EAST,16,NA,18
PANVEL EAST,16,NA,19
PANVEL EAST,16,NA,20
PANVEL EAST,16,NA,21
PANVEL EAST,16,NA,22
PANVEL EAST,16,NA,23 + 24
PANVEL EAST,16,NA,25
PANVEL EAST,16,NA,26
PANVEL EAST,16,NA,27
PANVEL EAST,16,NA,28
PANVEL EAST,16,NA,29
PANVEL EAST,16,NA,30
PANVEL EAST,16,NA,31
PANVEL EAST,16,NA,32
PANVEL EAST,16,NA,32A
PANVEL EAST,16,NA,32B
PANVEL EAST,16,NA,33
PANVEL EAST,16,NA,34
PANVEL EAST,16,NA,35
PANVEL EAST,16,NA,36
PANVEL EAST,16,NA,37
PANVEL EAST,16,NA,38
PANVEL EAST,16,NA,39
PANVEL EAST,16,NA,40
PANVEL EAST,16,NA,30A
PANVEL EAST,16,NA,35A
PANVEL EAST,16,NA,35B
PANVEL EAST,17,NA,1
PANVEL EAST,17,NA,2
PANVEL EAST,17,NA,3
PANVEL EAST,17,NA,4
PANVEL EAST,17,NA,5
PANVEL EAST,17,NA,4&5
PANVEL EAST,17,NA,6
PANVEL EAST,17,NA,7
PANVEL EAST,17,NA,8
PANVEL EAST,17,NA,9
PANVEL EAST,17,NA,10
PANVEL EAST,17,NA,11
PANVEL EAST,17,NA,12
PANVEL EAST,17,NA,12A
PANVEL EAST,17,NA,12B
PANVEL EAST,17,NA,13
PANVEL EAST,17,NA,14
PANVEL EAST,17,NA,14A
PANVEL EAST,17,NA,15
PANVEL EAST,17,NA,15A
PANVEL EAST,17,NA,15B
PANVEL EAST,17,NA,15C
PANVEL EAST,17,NA,15D
PANVEL EAST,17,NA,16
PANVEL EAST,17,NA,17
PANVEL EAST,17,NA,18
PANVEL EAST,18,NA,1
PANVEL EAST,18,NA,2
PANVEL EAST,18,NA,3
PANVEL EAST,18,NA,4
PANVEL EAST,18,NA,5
PANVEL EAST,18,NA,6
PANVEL EAST,18,NA,7
PANVEL EAST,18,NA,8
PANVEL EAST,18,NA,8A
PANVEL EAST,18,NA,8B
PANVEL EAST,18,NA,8C
PANVEL EAST,18,NA,9
PANVEL EAST,18,NA,10
PANVEL EAST,18,NA,11
PANVEL EAST,18,NA,12
PANVEL EAST,18,NA,13
PANVEL EAST,18,NA,14
PANVEL EAST,18,NA,15
PANVEL EAST,18,NA,16
PANVEL EAST,18,NA,17
PANVEL EAST,18,NA,17A
PANVEL EAST,18,NA,18
PANVEL EAST,18,NA,18A
PANVEL EAST,18,NA,19
PANVEL EAST,18,NA,20
PANVEL EAST,18,NA,20A
PANVEL EAST,19,MATHERAN ROAD,1
PANVEL EAST,19,MATHERAN ROAD,3
PANVEL EAST,19,MATHERAN ROAD,5
PANVEL EAST,19,MATHERAN ROAD,7
PANVEL EAST,19,MATHERAN ROAD,9
PANVEL EAST,19,MATHERAN ROAD,11
PANVEL EAST,19,MATHERAN ROAD,13
PANVEL EAST,19,MATHERAN ROAD,15
PANVEL EAST,19,MATHERAN ROAD,17
PANVEL EAST,19,MATHERAN ROAD,19
PANVEL EAST,19,MATHERAN ROAD,21
PANVEL EAST,19,MATHERAN ROAD,23
PANVEL EAST,19,MATHERAN ROAD,25
PANVEL EAST,19,MATHERAN ROAD,27
PANVEL EAST,19,MATHERAN ROAD,29
PANVEL EAST,19,VIJAY MARG,2
PANVEL EAST,19,VIJAY MARG,4
PANVEL EAST,19,VIJAY MARG,6
PANVEL EAST,19,VIJAY MARG,8
PANVEL EAST,19,VIJAY MARG,10
PANVEL EAST,19,VIJAY MARG,12
PANVEL EAST,19,VIJAY MARG,14
PANVEL EAST,19,VIJAY MARG,16
PANVEL EAST,19,VIJAY MARG,18
PANVEL EAST,19,VIJAY MARG,1
PANVEL EAST,19,VIJAY MARG,3
PANVEL EAST,19,VIJAY MARG,5
PANVEL EAST,19,VIJAY MARG,7
PANVEL EAST,19,VIJAY MARG,9
PANVEL EAST,19,VIJAY MARG,11
PANVEL EAST,19,VIJAY MARG,13
PANVEL EAST,19,VIJAY MARG,15
PANVEL EAST,19,VIJAY MARG,17
PANVEL EAST,19,VIJAY MARG,19
PANVEL EAST,19,1,1
PANVEL EAST,19,1,3
PANVEL EAST,19,1,5
PANVEL EAST,19,1,7
PANVEL EAST,19,1,9
PANVEL EAST,19,1,11
PANVEL EAST,19,1,2
PANVEL EAST,19,1,4
PANVEL EAST,19,1,6
PANVEL EAST,19,1,8
PANVEL EAST,19,1,10
PANVEL EAST,19,1,12
PANVEL EAST,19,1,14
PANVEL EAST,19,1,16
PANVEL EAST,19,1,18
PANVEL EAST,19,1,20
PANVEL EAST,19,2,1
PANVEL EAST,19,2,3
PANVEL EAST,19,2,5
PANVEL EAST,19,2,7
PANVEL EAST,19,2,9
PANVEL EAST,19,2,2
PANVEL EAST,19,2,4
PANVEL EAST,19,2,6
PANVEL EAST,19,2,8
PANVEL EAST,19,3,1
PANVEL EAST,19,3,3
PANVEL EAST,19,3,5
PANVEL EAST,19,3,7
PANVEL EAST,19,3,9
PANVEL EAST,19,3,11
PANVEL EAST,19,3,13
PANVEL EAST,19,3,15
PANVEL EAST,19,3,2
PANVEL EAST,19,3,4
PANVEL EAST,19,3,6
PANVEL EAST,19,3,8
PANVEL EAST,19,3,10
PANVEL EAST,19,3,12
PANVEL EAST,19,3,14
PANVEL EAST,19,3,16
PANVEL EAST,19,3,18
PANVEL EAST,19,3,20
PANVEL EAST,19,4,2
PANVEL EAST,19,4,4
PANVEL EAST,19,4,6
PANVEL EAST,19,4,8
PANVEL EAST,19,4,10
PANVEL EAST,19,4,1
PANVEL EAST,19,4,3
PANVEL EAST,19,4,5
PANVEL EAST,19,4,7
PANVEL EAST,19,4,9
PANVEL EAST,19,4,11
PANVEL EAST,19,4,13
PANVEL EAST,19,4,15
PANVEL EAST,19,5,1
PANVEL EAST,19,5,3
PANVEL EAST,19,5,5
PANVEL EAST,19,5,7
PANVEL EAST,19,5,9
PANVEL EAST,19,5,11
PANVEL EAST,19,5,13
PANVEL EAST,19,5,15
PANVEL EAST,19,5,17
PANVEL EAST,19,5,19
PANVEL EAST,19,5,21
PANVEL EAST,19,5,2
PANVEL EAST,19,5,4
PANVEL EAST,19,5,6
PANVEL EAST,19,5,8
PANVEL EAST,19,5,10
PANVEL EAST,19,5,12
PANVEL EAST,19,6,2
PANVEL EAST,19,6,4
PANVEL EAST,19,6,6
PANVEL EAST,19,6,8
PANVEL EAST,19,6,10
PANVEL EAST,19,6,12
PANVEL EAST,19,6,10+12
PANVEL EAST,19,6,14
PANVEL EAST,19,6,16
PANVEL EAST,19,6,1
PANVEL EAST,19,6,3
PANVEL EAST,19,6,5
PANVEL EAST,19,6,7
PANVEL EAST,19,6,9
PANVEL EAST,19,7,1
PANVEL EAST,19,7,3
PANVEL EAST,19,7,5
PANVEL EAST,19,7,7
PANVEL EAST,19,7,9
PANVEL EAST,19,7,11
PANVEL EAST,19,7,2
PANVEL EAST,19,7,4
PANVEL EAST,19,7,6
PANVEL EAST,19,7,8
PANVEL EAST,19,7,10
PANVEL EAST,19,7,12
PANVEL EAST,19,7,14
PANVEL EAST,19,8,2
PANVEL EAST,19,8,4
PANVEL EAST,19,8,6
PANVEL EAST,19,8,8
PANVEL EAST,19,8,10
PANVEL EAST,19,8,1
PANVEL EAST,19,8,3
PANVEL EAST,19,8,5
PANVEL EAST,19,8,7
PANVEL EAST,19,8,9
PANVEL EAST,19,8,11
PANVEL EAST,19,8,13
PANVEL EAST,19,8,NA
PANVEL EAST,19,8,NA
PANVEL EAST,19,8,NA
PANVEL EAST,19,9,1
PANVEL EAST,19,9,3
PANVEL EAST,19,9,5
PANVEL EAST,19,9,7
PANVEL EAST,19,9,9
PANVEL EAST,19,9,11
PANVEL EAST,19,9,13
PANVEL EAST,19,9,2
PANVEL EAST,19,9,4
PANVEL EAST,19,9,6
PANVEL EAST,19,9,8
PANVEL EAST,19,9,10
PANVEL EAST,19,9,12
PANVEL EAST,19,9,14
PANVEL EAST,19,9,16
PANVEL EAST,19,9,18
PANVEL EAST,19,9,20
PANVEL EAST,19,10,2
PANVEL EAST,19,10,4
PANVEL EAST,19,10,6
PANVEL EAST,19,10,8
PANVEL EAST,19,10,10
PANVEL EAST,19,10,12
PANVEL EAST,19,10,14
PANVEL EAST,19,10,1
PANVEL EAST,19,10,3
PANVEL EAST,19,10,5
PANVEL EAST,19,10,7
PANVEL EAST,19,10,9
PANVEL EAST,19,10,11
PANVEL EAST,19,10,13
PANVEL EAST,19,10,15
PANVEL EAST,19,10,17
PANVEL EAST,19,11,1
PANVEL EAST,19,11,3
PANVEL EAST,19,11,5
PANVEL EAST,19,11,7
PANVEL EAST,19,11,9
PANVEL EAST,19,11,11
PANVEL EAST,19,11,13
PANVEL EAST,19,11,15
PANVEL EAST,19,11,2
PANVEL EAST,19,11,4
PANVEL EAST,19,11,6
PANVEL EAST,19,11,8
PANVEL EAST,19,11,10
PANVEL EAST,19,11,12
PANVEL EAST,19,11,14
PANVEL EAST,19,12,2
PANVEL EAST,19,12,4
PANVEL EAST,19,12,6
PANVEL EAST,19,12,8
PANVEL EAST,19,12,10
PANVEL EAST,19,12,12
PANVEL EAST,19,12,14
PANVEL EAST,19,12,16
PANVEL EAST,19,12,18
PANVEL EAST,19,12,1
PANVEL EAST,19,12,3
PANVEL EAST,19,12,1+3
PANVEL EAST,19,12,5
PANVEL EAST,19,12,7
PANVEL EAST,19,12,9
PANVEL EAST,19,12,11
PANVEL EAST,19,12,13
PANVEL EAST,19,12,15
PANVEL EAST,19,12,17
PANVEL EAST,19,13,1
PANVEL EAST,19,13,3
PANVEL EAST,19,13,5
PANVEL EAST,19,13,7
PANVEL EAST,19,13,9
PANVEL EAST,19,13,11
PANVEL EAST,19,13,13
PANVEL EAST,19,13,15
PANVEL EAST,19,13,17
PANVEL EAST,19,13,2
PANVEL EAST,19,13,4
PANVEL EAST,19,13,6
PANVEL EAST,19,13,8
PANVEL EAST,19,13,10
PANVEL EAST,19,13,12
PANVEL EAST,19,13,14
PANVEL EAST,19,13,16
PANVEL EAST,19,13,18
PANVEL EAST,19,13,20
PANVEL EAST,19,13,22
PANVEL EAST,19,14,2
PANVEL EAST,19,14,4
PANVEL EAST,19,14,6
PANVEL EAST,19,14,8
PANVEL EAST,19,14,10
PANVEL EAST,19,14,12
PANVEL EAST,19,14,14
PANVEL EAST,19,14,16
PANVEL EAST,19,14,1
PANVEL EAST,19,14,3
PANVEL EAST,19,14,5
PANVEL EAST,19,14,7
PANVEL EAST,19,14,9
PANVEL EAST,19,14,11
PANVEL EAST,19,14,13
PANVEL EAST,19,14,15
PANVEL EAST,19,14,17
PANVEL EAST,19,14,NA
PANVEL EAST,19,15,1
PANVEL EAST,19,15,3
PANVEL EAST,19,15,5
PANVEL EAST,19,15,7
PANVEL EAST,19,15,9
PANVEL EAST,19,15,11
PANVEL EAST,19,15,13
PANVEL EAST,19,15,15
PANVEL EAST,19,15,17
PANVEL EAST,19,15,19
PANVEL EAST,19,15,21
PANVEL EAST,19,15,2
PANVEL EAST,19,15,4
PANVEL EAST,19,15,6
PANVEL EAST,19,15,8
PANVEL EAST,19,15,10
PANVEL EAST,19,15,12
PANVEL EAST,19,15,NA
PANVEL EAST,19,16,2
PANVEL EAST,19,16,4
PANVEL EAST,19,16,6
PANVEL EAST,19,16,8
PANVEL EAST,19,16,10
PANVEL EAST,19,16,12
PANVEL EAST,19,16,14
PANVEL EAST,19,16,16
PANVEL EAST,19,16,18
PANVEL EAST,19,16,20
PANVEL EAST,19,16,22
PANVEL EAST,19,16,1
PANVEL EAST,19,16,3
PANVEL EAST,19,16,5
PANVEL EAST,19,16,7
PANVEL EAST,19,16,9
PANVEL EAST,19,17,1
PANVEL EAST,19,17,3
PANVEL EAST,19,17,5
PANVEL EAST,19,17,7
PANVEL EAST,19,17,9
PANVEL EAST,19,17,11
PANVEL EAST,19,17,13
PANVEL EAST,19,17,15
PANVEL EAST,19,17,17
PANVEL EAST,19,17,19
PANVEL EAST,19,17,21
PANVEL EAST,19,17,23
PANVEL EAST,19,17,25
PANVEL EAST,19,17,27
PANVEL EAST,19,17,2
PANVEL EAST,19,17,4
PANVEL EAST,19,17,6
PANVEL EAST,19,17,8
PANVEL EAST,19,17,8/1
PANVEL EAST,19,17,8/2
PANVEL EAST,19,17,8A
PANVEL EAST,19,17,10
PANVEL EAST,19,NA,OP1
PANVEL EAST,19,NA,OP2
PANVEL EAST,20,NA,1
PANVEL EAST,20,NA,2
PANVEL EAST,20,NA,2A
PANVEL EAST,20,NA,3
PANVEL EAST,20,NA,4
PANVEL EAST,20,NA,5
PANVEL EAST,20,NA,1 TO 5
PANVEL EAST,20,NA,6
PANVEL EAST,20,NA,7
PANVEL EAST,20,NA,8
PANVEL EAST,20,NA,8A
PANVEL EAST,20,NA,8B
PANVEL EAST,20,NA,9
PANVEL EAST,20,NA,10
PANVEL EAST,20,NA,11
PANVEL EAST,20,NA,12
PANVEL EAST,20,NA,13
PANVEL EAST,20,NA,14
PANVEL EAST,20,NA,15
PANVEL EAST,20,NA,16
PANVEL EAST,20,NA,17
PANVEL EAST,20,NA,18
PANVEL EAST,20,NA,18A
PANVEL EAST,20,NA,19
PANVEL EAST,20,NA,20
PANVEL EAST,20,NA,21
PANVEL EAST,21,NA,1
PANVEL EAST,21,NA,2
PANVEL EAST,21,NA,3
PANVEL EAST,21,NA,4
PANVEL EAST,21,NA,4A
PANVEL EAST,21,NA,4B
PANVEL EAST,21,NA,4C
PANVEL EAST,21,NA,4D
PANVEL EAST,21,NA,4E
PANVEL EAST,21,NA,4F
PANVEL EAST,21,NA,5
PANVEL EAST,21,NA,6
PANVEL EAST,21,NA,5+6
PANVEL EAST,21,NA,5A
PANVEL EAST,21,NA,5B
PANVEL EAST,21,NA,5C
PANVEL EAST,21,NA,5D
PANVEL EAST,21,NA,6A
PANVEL EAST,21,NA,6B
PANVEL EAST,21,NA,7
PANVEL EAST,21,NA,8
PANVEL EAST,21,NA,9
PANVEL EAST,21,NA,10
PANVEL EAST,21,NA,11
PANVEL EAST,21,NA,12
PANVEL EAST,21,NA,13
PANVEL EAST,21,NA,14
PANVEL EAST,21,NA,15
PANVEL EAST,21,NA,16
PANVEL EAST,21,NA,17
PANVEL EAST,21,NA,18
PANVEL EAST,21,NA,19
PANVEL EAST,21,NA,20
PANVEL EAST,21,NA,21
PANVEL EAST,15A,NA,1
PANVEL EAST,15A,NA,2
PANVEL EAST,15A,NA,3
PANVEL EAST,15A,NA,4
PANVEL EAST,15A,NA,5
PANVEL EAST,15A,NA,6
PANVEL EAST,15A,NA,7
PANVEL EAST,15A,NA,8
PANVEL EAST,15A,NA,9
PANVEL EAST,15A,NA,10
PANVEL EAST,15A,NA,11
PANVEL EAST,15A,NA,12
PANVEL EAST,15A,NA,13
PANVEL EAST,15A,NA,14
PANVEL EAST,15A,NA,15
PANVEL EAST,15A,NA,16
PANVEL EAST,15A,NA,18
PANVEL EAST,15A,NA,19
PANVEL EAST,15A,NA,20
PANVEL EAST,15A,NA,21
PANVEL EAST,15A,NA,22&23
PANVEL EAST,15A,NA,24
PANVEL EAST,15A,NA,25
,,,
,,,
,,,
,,,
,,,
,,,
,,,
,,,
,,,
,,,
,,,
,,,
,,,
,,,
,,,
,,,
,,,
,,,
,,,
,,,
,,,
,,,
,,,
,,,
,,,
,,,
,,,
,,,
,,,
,,,
,,,
,,,
,,,
,,,
,,,
,,,
,,,
,,,
,,,
,,,
,,,
,,,
,,,
,,,
,,,
,,,
,,,
,,,
,,,
,,,
,,,
,,,
,,,
,,,
,,,
,,,
,,,
,,,
,,,
,,,
,,,
,,,
,,,
,,,
,,,
,,,
,,,
,,,
,,,
,,,
,,,
,,,
,,,
,,,
,,,
,,,
,,,
,,,
,,,
,,,
,,,
,,,
,,,
,,,
,,,
,,,
,,,
,,,
,,,
,,,
,,,
,,,
,,,
,,,
,,,
,,,
,,,
,,,
,,,
,,,
,,,
,,,
,,,
,,,
,,,
,,,
,,,
,,,
,,,
,,,
,,,
,,,
,,,
,,,
,,,
,,,
,,,
,,,
,,,
,,,
,,,
,,,
,,,
,,,
,,,
,,,
,,,
,,,
,,,
,,,
,,,
,,,
,,,
,,,
,,,
,,,
,,,
,,,
,,,
,,,
,,,
,,,
,,,
,,,
,,,
,,,
,,,
,,,
,,,
,,,
,,,
,,,
,,,
,,,
,,,
,,,
,,,
,,,
,,,
,,,
,,,
,,,
,,,
,,,
,,,
,,,
,,,
,,,
,,,
,,,
,,,
,,,
,,,
,,,
,,,
,,,
,,,
,,,
,,,
,,,
,,,
,,,
,,,
,,,
,,,
,,,
,,,
,,,
,,,
,,,
,,,
,,,
,,,
,,,
,,,
,,,
,,,
,,,
,,,
,,,
